"Code ISO","Country","État","Continent","1949","1950","1951","1952","1953","1954","1955","1956","1957","1958","1959","1960","1961","1962","1963","1964","1965","1966","1967","1968","1969","1970","1971","1972","1973","1974","1975","1976","1977","1978","1979","1980","1981","1982","1983","1984","1985","1986","1987","1988","1989","1990","1991","1992","1993","1994","1995","1996","1997","1998","1999","2000","2001","2002","2003","2004","2005","2006","2007","2008","2009","2010","2011","2012","2013","2014","2015","2016","2017","2018","2019","2020","2021","2022","2023","2024","2025"
"dza","Algeria","Algérie","Afrique","","","","","","","","","","","","","","","","","","","","",293.39803759652335,274.10935162703004,268.7360078822292,260.1015817267077,269.49717890736594,516.6529474584985,575.8917859845253,802.6271924886329,700.4415179338832,758.7490426237365,750.4630900360868,853.5869542424953,758.6509156647834,875.9095548567904,880.4482352920234,826.8473075379114,774.5796378812678,762.2163753445169,777.0210419322877,768.9115268354551,751.5597468419193,802.8625159160705,821.9309553516694,1375.3673254005237,1478.8383306955711,1799.0967231056288,1743.11678443658,1984.3662714990426,2387.4697852840786,2525.044233982641,2666.0549229507906,3094.8182180374015,3388.1485900216917,3461.790401188996,3387.442140593871,3852.779798653818,4033.4194081421215,4134.4843431839845,4850.870721029414,5652.115206336197,6138.5559662768355,6496.482079866319,9299.726173411267,9783.820538128433,10568.03790992215,12170.897604053629,12733.065203949094,12771.057021939407,12094.810557680297,11599.48383397649,12513.907106762828,12222.085136722328,11395.370276516936,11022.402087973916,19281.14448644784,21811.242555031273,24128.442879148966
"lby","Libya","Libye","Afrique","","","","","","","","","","","","","","","",41.695829601149626,50.739900560789124,90.84549890664034,115.05111499861579,137.60394783886687,187.82382567820588,336.11115223289465,346.87652471090814,267.83941512478543,332.86252029999247,442.3153760798101,270.23457978998886,290.47696512202396,401.7632953384252,472.5735246531224,588.129620207147,674.453859453733,314.70642929863993,363.2685618500099,"","","","","","","","","","","","","","",353.8206464097336,399.11085568521736,308.1700465646795,329.831556064373,322.67894312586856,414.7046716101888,516.1678835982979,674.032445214988,663.9752476855311,584.2049950385007,549.8348833832265,830.9774803292595,"","","",1809.187805193766,2358.488570826188,2182.4491194977268,"","","","","","","",1262.7001773330683,1599.984982639817,"",""
"mar","Morocco","Maroc","Afrique","","","","","","","",122.29960278743378,178.2870853555521,237.3008988318143,276.61188205609557,275.9750164654881,314.73866254809957,334.0452585609888,439.54559833656,394.9011364782072,344.44019278472564,374.1976349691893,390.39961673560697,502.2546640192102,456.0468013702075,471.22958250999915,565.0344676890799,624.9894553982731,710.3138581796887,837.0540916207278,1229.1310540097459,1725.2665945872177,1978.5228506753629,1762.2531435121523,1766.2069624911228,2032.7987755690842,2071.8912394523136,2146.8435656727806,1562.4528435407663,1404.425360418849,2011.952561663813,1761.3933593528839,1762.4261008729559,1901.985817782851,2056.709010306371,2019.7645312919217,2121.135837427578,2104.290057111606,2220.130177085213,2279.178270373446,2099.1187316957075,2093.5118821039364,2192.578235308862,2218.7242599028204,1879.8692014768708,1422.6055646820464,2573.846993869378,2448.8573346643834,2593.9374204315886,2521.139826094718,2616.3373228964992,2641.3149211456166,2720.1196008803145,3034.0265000070463,3240.5555508118405,3468.080932319767,3493.3636547757574,3744.611850986966,4278.013352566413,4241.8502376372235,3916.396920060873,3940.2611242780686,4056.1655419629174,4084.498552291967,4170.12056735042,5345.223510077302,5501.517046167202,5467.581733346023,5339.887523245404,5516.9702486065025,5881.737874154184
"tun","Tunisia","Tunisie","Afrique","","","","","","","","","","","","",81.3023080609869,61.96488980375268,62.20452314383066,75.03220718224755,58.89899451210524,61.747136944243685,66.17931407752319,74.24798514179825,70.80875660624197,90.48256552331672,93.97143784254443,106.0777129507567,104.23192493161616,105.60113182720012,150.10898845729469,173.3740932218254,229.26281939949476,254.96696168018937,244.40033417503426,260.3834630797937,343.7382016038301,519.4223723315233,639.22487911673,437.02412066585055,378.8715533611141,325.18557748912605,294.7967196002829,341.0676148320498,352.0529174398866,323.7340472099703,330.9667782081285,332.7526354108713,346.26357524561575,358.40463172600204,364.05828934615084,418.73441446213775,413.58708832344075,421.8090499409377,417.5623763283197,436.2881248835513,453.43775617275276,448.922146363833,467.1474454850506,475.59283551745835,511.6431358138199,539.6935920038882,497.9275250236151,541.4060914760075,558.3621460497648,579.2897986627128,691.0241465477095,698.0196546016825,768.493612437942,918.132744310974,1095.3547442436793,1166.3112618187056,1082.743561915524,1087.0934670828228,1336.8539250253334,1399.8917763086763,1405.2888776864295,1342.3964293612537,1293.7450711800075,1315.2263109623648,1350.676643709615
"ago","Angola","Angola","Afrique","","","","","","","","","","","","","","","","","","","","","","","","","","","","","","","","","","","","","","","",248.4545354471605,318.84905432226475,277.59224582468386,166.10161558686812,145.2900143173531,2326.4974389648364,10107.67200825371,1090.4238392319535,816.8444707895684,1309.1811435578832,403.8040523635561,5160.614755289706,2390.5095472748526,1440.4713913552068,1476.5536343308802,1949.8985658030515,1855.991703794125,2629.606408312777,3088.843625223163,2709.1423581778317,3667.4270667005,3568.309467489334,3818.291776692647,3575.1854729055185,3752.20731350389,5124.871230961789,5468.864081559905,3219.23378468273,2571.9129142895754,2225.2154715084007,1834.629500482576,1676.3884728588275,1467.4414700070326,1250.4126106421963,1252.6582558358707,1260.2225122695404,924.2565060599261,1263.3805209363877
"ben","Benin","Bénin","Afrique","","","","","","","","","","","","","","","","","","","","","",16.93326857041255,16.920641619164158,18.47265662226824,20.054008481919073,18.965810906083284,18.050164562356684,15.765110149278163,20.885012370784757,14.912542582063079,26.429226016226618,31.770395071239765,29.498255481585808,33.02194239776845,43.75002934599426,54.38750357790253,51.5667923428364,52.508196009246966,62.57874637511072,62.19149707790768,51.553425070231256,50.061581786023616,"","","","","","","","",31.035943765046678,27.991336507742346,25.06962661651348,46.117131474528875,50.3435140396669,54.86654620102902,55.63316358946818,55.6129880816627,"",60.255145730321445,"","","",73.43387378846292,77.79659729289115,84.64573162472934,98.7615642936054,87.37946661246801,123.5454446524712,90.63989992541181,72.66808975304802,73.0420602647881,93.87918325470802,117.60188745777668,150.84248663594954,167.31720423996865,203.740814579373
"bwa","Botswana","Botswana","Afrique","","","","","","","","","","","","","","","","","","","","","","","","","","","","",16.09358989545977,36.75359301199587,55.11101056509885,60.47164193722071,54.71964492842345,45.790090437795456,45.84861303171038,53.363811207468956,58.17815473578399,85.35629106443929,149.44465006678558,190.7535171522599,206.5706999818341,260.2587832569567,278.964228374591,258.92975969410315,271.34205203380765,249.64223957510276,227.021892374338,209.55255848957307,241.72055135766828,295.90030721986216,281.47485883052804,311.46717589098006,381.0401299024575,406.12252496075496,391.77334870727344,362.3340065454163,328.3464285264984,323.251424282704,356.4993744697123,381.5594853244941,367.68190587874733,344.7381929392698,333.38041714393677,310.76357388033995,303.3032692848831,350.8462209810469,425.5758907272355,597.3577507698631,558.2142250232323,507.4865603150459,537.7407002253192,544.0392260588861,529.018119681245,504.9033851382363,360.3759915565095,519.3692951972762,594.8600842049153
"bfa","Burkina Faso","Burkina Faso","Afrique","","","","","","","","","","","",6.572456830195503,7.183329361047013,21.054535840189814,21.487130707763246,21.4076608023545,14.124925330844116,15.403233119351752,15.245638235868727,15.659496500364641,16.044623373996757,17.43817730145039,17.661866453880894,18.969626469599564,19.155897573731384,19.622082366296436,42.385725547052374,55.788275448809216,51.74696184781013,62.04736789275346,50.33061564268085,49.18186975814043,56.40736639060567,58.988452331560254,56.419986514800264,56.759527850272775,54.86803403477455,81.99716184859648,72.45304804322268,77.66661229931984,97.66211886286027,105.902930583994,88.38492253130613,86.57479511293204,78.39131108077173,61.38524133256241,62.56485228418295,60.89193917022185,70.47478314564879,69.44950862129232,77.43367017448479,78.87882246087861,77.70762468538626,83.37656161554222,81.43797490530534,96.1780756269912,101.44976774719707,96.66537803268507,131.82381103755213,120.78516047410604,135.0869614377418,138.71059338515025,144.3558044881173,160.0590457886935,173.26411635742963,185.38668514922733,183.8466824598747,185.40124206311384,230.25675686067203,343.5863832545255,438.20705697419726,451.3213694971304,502.933200439318,607.385739018228,862.1365113799794,1023.7763901984331,844.0262687793274
"bdi","Burundi","Burundi","Afrique","","","","","","","","","","","","","","","","",16.952270403533497,17.875816122567507,18.777167463783755,19.305746512901678,23.904789671161975,"",18.167173367018794,23.963690541206407,34.01634440187951,37.51880133663917,36.01574981735863,43.13400786208712,58.9658888970866,58.08917754614772,49.95340843883886,67.39448785371597,64.91476989727126,74.95147313418393,67.09095979981021,65.84047244719021,68.82182966487382,68.77545682141967,61.814537674250424,74.79667452995952,83.76440494730929,88.28115936236196,90.43057569324823,92.9428281131054,91.87795767323986,96.20443878147003,80.11710760740367,92.83382080898852,100.17869398088563,107.42874747368167,112.60309027286986,96.84409000411993,128.4075437949611,123.11656687182995,125.11131995990482,121.56066147382177,116.46213489587704,97.2781532354914,97.72768318896547,81.53396721564673,"","","",87.47914470107986,90.17556273218527,87.76417780165767,89.9281888688344,89.98207202891929,77.53563659247578,84.52380906901016,114.15760782920772,88.03816509989834,84.921245088473,109.56534632362344,155.7492677932385,171.8297845782581,169.28052840439162
"cmr","Cameroon","Cameroun","Afrique","","","","","","","","","","","","","","","","","","","","","",174.48095258198623,176.65461581440343,173.1864560608047,176.33671201093938,177.78314359181593,188.29175904532983,197.91394854868346,201.9234065582216,213.54556378499876,233.60891576857998,239.39246140599414,334.8014257242722,391.28470967803673,383.969872945457,387.2452998449374,335.056926408587,299.92274393675063,258.0822042208221,238.03784335173913,246.66823760594164,256.028380348222,261.63074959056854,253.23260870669296,256.0903914385174,208.89226815414264,206.90335969427542,210.07600654172472,232.21543214703846,263.0222875525483,284.1015520693749,275.94164012905117,274.88242004221945,297.7627147886272,319.40556105542197,339.7546111854704,335.50632268909965,364.4023060815092,382.181641123713,395.99725449034827,401.3412394659184,428.73134119066935,389.4305686496828,418.31602061457596,439.603131416039,441.56791830012605,453.2859200959929,493.3216082112815,509.1430322672675,504.38559285250886,509.9019777772061,455.2930621106098,483.69368230351034,481.04109129836667,477.44347135796335,534.9064324881022,580.3605392782943
"cpv","Cabo Verde","Cap-Vert","Afrique","","","","","","","","","","","","","","","","","","","","","","","","","","","","","","","","","","","",11.962593379161346,11.27791780093382,11.676332641721547,11.338359415619697,11.076086550117678,"","","",5.603571369514014,4.815421172834251,5.945366453118695,9.314417189952904,6.486690627308992,6.484698699546101,7.203667334844876,8.071615269374101,13.006189564734674,8.837055083204156,8.03779732255286,8.47277712543584,8.7583504438805,9.558988006824137,8.869670140078869,8.854679142867655,10.49438444503326,8.557921278603498,8.622467947338487,9.31195128530219,9.803997092506632,9.422689423450187,9.676970827135918,10.264839343065336,11.904290523404907,10.700694440617891,11.510672163392757,10.896935743567836,12.336172565940997,11.605515873073855,11.05160535242455,14.484732028305269,16.829866562009418,18.969960247787874
"caf","Central African Republic","République centrafricaine","Afrique","","","","","","","","","","","","","","","","","","","","","","","","","","","","","","","","","","","","","","","","","","",36.92545086987355,37.580517851325105,34.19287071853587,30.051056135423565,27.596087363403974,25.552493333664057,"","","","","",28.291491818308167,31.852862390445875,29.730399451275208,29.41141858524009,"",30.796956722247586,43.42232708734058,50.51838612870658,74.82935760783074,68.11410508228717,59.88149765290854,60.72230411226936,42.38644082657334,34.76692764328694,33.38447629071675,32.52999480144749,33.60496495318544,46.1060451157918,48.41750165947436,56.033436709710635,45.145726793662426,63.47375156173599,71.18166075698852,68.0344566801753
"tcd","Chad","Tchad","Afrique","","","","","","","","","","","","","","","","","","","","","","","","","","","","","","","","","","",101.06346644167124,98.051197622723,90.58115216274469,103.5710701249592,67.13445351526352,130.94795457970645,105.48907996835987,55.203295750824736,"",55.21354727721094,71.58045494687083,55.96673782382026,41.656406973572345,47.519284295989586,34.378592920759495,32.294386133508894,47.67861417743579,54.11100462468339,60.79334746987179,71.94005491418633,72.91697103112257,86.43051192436698,87.82049513119367,323.81879433215494,569.0106660198591,757.3757751833932,877.756656749242,783.595856971787,724.4484702708102,"",838.6862118100971,445.8449067022505,287.7745146441868,407.5228450256503,289.95819226493694,304.14089905023593,300.20636517772033,388.2405659649071,386.6315906826041,411.8590687122838,406.0751960121628,557.7679931147088,598.3169989509059
"cod","Democratic Republic of the Congo","République démocratique du Congo","Afrique","","","","","","","","","","","","","","",124.43401988189139,171.2717424728344,278.8899156091221,239.21369098895445,215.2362948108847,222.86667271286208,301.2838145022651,394.15127588122533,370.4419198220071,295.42513970428723,278.2445347851684,397.14601781142636,283.28501025798755,172.74859922041833,147.765092915369,129.0582936089072,117.88120551313283,103.78383793834054,56.512290742986394,111.34673865798773,75.82565781535091,94.47925527046216,79.6258913061708,110.12092251988206,48.755004757536554,360.2374403107948,113.03243531331731,79.93212697650931,73.4894392666794,140.2340228582983,430.82809831405234,"","",148.54215440595434,122.07836943297741,36.74698186516541,133.87840967555894,99.55424499537546,"","",169.3744160106457,280.63459141756266,328.77070444111956,357.4113092573234,338.23826092233253,241.95009375938457,183.3966607753474,249.42560941447587,286.3116076645641,395.39521328002473,441.47015175588575,399.69086625080314,571.7051943527623,487.10722509487437,384.8801503297666,331.2671213538872,385.8103096632775,399.03899293723975,333.7854990177459,374.57938129592355,763.0426777494145,899.1877784038358,1082.1438868877226
"cog","Republic of the Congo","Congo","Afrique","","","","","","","","","","","","","","","","","","","","","",63.79317113759048,64.15191250944822,49.63329638120175,64.65656174882672,81.879253488808,86.61200406176606,92.06804117429651,"",76.22119964905012,92.0697442342878,93.33436041174618,131.79976291777052,175.6286333670013,"",148.825890566629,166.44763874874099,"",192.24036300167057,"","","","",219.45995757953003,195.0080439097301,"","","","","","","",124.13925280013264,146.85038337182016,163.4472307994476,192.24937071231096,151.1652579365446,176.41337433596541,209.17294457440806,230.12864992263826,"",255.28020153510508,"","",382.79009927788894,729.01509336694,"",584.8406518131263,427.1910558662297,314.08593142055236,332.5423577374475,319.1497322377834,317.30793594289526,294.020716189033,293.9113301448582,182.0615156262884,189.68415074182238
"civ","Cote d'Ivoire","Côte d'Ivoire","Afrique","","","","","","","","","","","","","",79.81895532733797,72.74117818759623,100.31933648939457,112.7415929796556,111.55951777780076,121.07085712663239,120.31958906332957,127.6887116130393,137.67432642872873,186.26563359293863,225.07774733003703,162.06750306410697,213.61587699351932,190.4015839830019,216.56334731105537,171.36788382109148,234.40152786461869,224.88655404980554,224.56563404893072,206.14837304632857,217.67759295068876,210.8220734032072,213.30564685590372,213.45979648976734,208.2276205760652,214.86131852966514,207.76894947940363,222.92545476185617,212.95333804596365,217.29207231718138,212.73561128365418,211.16327075902896,185.74254068511036,"",178.41438441937936,178.28511290659733,"","","","","",336.8799420152488,355.3727639689601,340.2728953453391,352.2364413497997,383.52952046383484,384.2633274627447,456.70641140114253,436.7719963259061,365.57892062451356,445.3619182082448,443.23135922041564,535.3014574366731,691.1825804697465,727.898442087157,595.748415013115,680.586188131107,627.7459979471895,681.9646936818096,662.7907351541807,674.3812343281957,705.9770759802622,658.420212994546,721.0886061323251
"dji","Djibouti","Djibouti","Afrique","","","","","","","","","","","","","","","","","","","","","","","","","","","","","","","",6.627725692017252,19.17884245030823,105.44654701723866,107.91670132660114,105.43052583060543,103.10565337434261,97.13471214142173,93.1857680399901,83.88578759578544,82.57817714902784,79.5121172755409,77.27741001787561,78.8380579106453,71.11411157877907,68.3297612428057,62.80700252542115,50.26319209957032,53.07696762778185,52.229326250533425,52.585613124339446,50.10182158514779,49.27892516940213,62.51060569713292,76.99844833033443,66.78424455201595,77.76299413708878,82.96793082262006,55.1026348519981,51.72085484089441,"","","","","","","","","","","","","","","","",""
"gnq","Equatorial Guinea","Guinée Équatoriale","Afrique","","","","","","","","","","","","","","","","","","","","","","","","","","","","","","","","","","","","","","","","","","","","","",8.23204911608567,8.94677835740429,"","","","","","","","","","","",269.36861330715186,352.2487552249144,450.73220827627216,"","","","",168.05623599697216,162.96452237944928,163.43310831454818,157.14270171523918,161.52709155939849,166.77496692169956,170.78584488297278,165.21813608309472,170.72878525055876,166.99247964741943,114.53473833118763,112.50030645974005
"eri","Eritrea","Érythrée","Afrique","","","","","","","","","","","","","","","","","","","","","","","","","","","","","","","","","","","","","","","","","","","","","","","","","","","","","","","","","","","","","","","","","","","","","","","","","","","","",""
"eth","Ethiopia","Éthiopie","Afrique","","","","","","","","","","","","","","","","",287.16383153067176,294.6577848002666,249.0747023750005,232.89744168170165,228.03338382213477,207.79562416773928,215.66356689473199,240.58746177296854,237.86187349065477,333.46483373963184,523.5991605962238,417.02525574142135,377.03642849306186,435.2670388173117,581.6529041468112,723.9045777626081,696.5872887918213,694.3836873507479,737.0757992973007,704.1772869556489,600.4065683029115,680.8322163112718,757.2223053773124,912.2504783604884,1075.4582434926115,1027.3764091349126,510.11049825840234,301.58554775687884,333.45383250685603,307.4032597646463,259.3040571499292,301.77233749866826,554.9358174022383,1186.6547187485442,1883.012331358807,1698.4187668562706,1079.0945280033707,896.8686110508378,763.8041474712497,828.5051452716996,831.5082159757532,751.053349272909,692.9108625987026,553.4194637368407,544.1503185550389,528.304875312091,514.4755538840973,496.4341616505421,497.09785246071857,514.9219913839028,530.9685636891985,610.0757113508271,636.3664462750706,628.1408221333396,585.0192285059865,510.3762335580914,491.7971652263831,1011.3079131502554,981.7672866044277,700.3518654291886,785.4438886460072
"gab","Gabon","Gabon","Afrique","","","","","","","","","","","","","","","","","","",15.000675222642617,14.658339768976102,21.75626511821798,23.75509442880946,27.010657418135573,28.996621623376395,34.0868877331548,36.58477888256876,40.703455195986145,45.102019703160536,58.56866600254633,"",83.39342293328558,88.95677681396292,135.44611811077712,140.7442099103856,144.2160181627028,144.90609549600424,164.9736844511645,170.41388557006928,"","","","","","","","","","","","","",180.39840223892438,179.34015040513037,179.2743873798904,167.3839296696755,174.90630494470236,158.9565386662402,176.23897524966597,"","","",301.38551314247775,280.63116159392655,309.3223689237088,302.1316226424443,213.03045079083043,209.3258278675529,244.74370777774928,311.2156563909179,274.6663914053457,288.7594076170264,276.2331788415995,311.36345224183475,299.4447565451863,268.59848758808437,319.1283922923394,336.90626944415357
"gmb","Gambia","Gambie","Afrique","","","","","","","","","","","","","","","","","","","","","","","","","","","","","","","","","","",0.9142949813095997,1.1836742429004095,1.5970174484964677,1.5264187783719065,1.6788129661081355,2.2126730781372426,2.9103217944089557,3.4301666229618113,4.03625733540357,3.2904166123362284,2.311782884651864,2.1656048997383186,2.512126295503486,3.4724151037260866,3.738235904179353,3.740436403487936,3.3522798222837706,3.523145516212316,3.054336354279529,3.2870198884258928,3.557597663219351,3.169700451304629,4.446496515105357,3.9942476960890185,5.4824847391740015,17.678431824786628,8.391461641253906,"","",13.861042905379792,13.655202020996125,21.042382583126358,19.109335374107967,"","",14.481328104853063,17.70877426352158,17.59895143846412,17.58661390755542,16.48693824556849,14.526744251153612,14.674916178744015,14.653773405135658
"gha","Ghana","Ghana","Afrique","","","","","","","","","",46.62492468261583,53.11240738975858,93.55070005449083,116.35654077935187,108.43518957110867,115.53466517663324,110.17051267329215,93.08447163860085,109.38782005223736,"",147.88394119258626,152.60378368584918,141.74604874103485,115.04883023095604,98.87579775622524,99.77893768826388,130.2269610968319,123.31190710862161,89.1640765597364,56.36207896850329,41.58102675972434,27.48866835497627,33.29034997897982,24.93143435800706,17.75021809355986,10.685344453603268,19.55621071488359,37.910576667283195,40.8361926343736,42.23467571501425,22.225004820029064,23.543497943061368,25.299135907570257,36.247316626217085,39.36010896554437,46.03329765747471,50.096148737885414,51.12378228907257,43.07815342157736,43.19271931112658,53.72768620484304,60.97482885180127,76.27024398882253,45.04734889416971,52.08032078639889,63.21111615950508,58.81725707423658,58.47950221323209,62.466957557384376,95.83873158144178,83.89513351201957,97.504032072301,92.60968709739934,172.16012356731247,264.7147214613298,195.0286145232614,260.8252402703799,208.6113208058864,157.6166070880316,180.12171279546385,204.45193194272846,232.614206106328,237.5260140360066,277.478337649027,246.70899035012627,288.2763691170475,274.3770981053971,385.15880829283736
"gin","Guinea","Guinée","Afrique","","","","","","","","","","","","","","","","","","","","","","","","","","","","","","","",78.86356198474496,56.17351853924618,45.95382870917994,"","","","","","","","",196.55887720007206,156.47872646404244,122.19876844779573,125.06790908009503,"","",122.44060181599325,133.51370332745867,175.615056466742,172.43023123106747,348.6592452680751,383.55933705620504,297.66721580448825,275.87172891843034,"","","","","","","",413.25103256608975,425.56037463808406,407.3309511930412,437.21078692047735,353.7964628882173,370.80651431262095,363.8025926408304,338.71485822301776,335.5829498747118,359.9114289177345,526.2005475572851,546.8896787946762,562.4559504996824,586.1588531768939
"gnb","Guinea-Bissau","Guinée-Bissau","Afrique","","","","","","","","","","","","","","","","","","","","","","","","","","","","","","","","","",13.65922588248808,22.37936795528282,12.070848494758286,6.223019075889291,8.286339282936932,6.567266735771193,"",8.380120628513028,"","","","",4.476269867786231,4.7344614494803805,3.932555056984832,3.634286297942898,5.425936381403103,"",20.231424102244944,13.074991637673923,12.385011032411914,12.623295758320511,"",17.74244871589864,"","","",15.549070368224395,19.8271775878875,18.391969232319788,27.237245569150712,23.086140983484416,23.198426956562727,21.70008167360391,19.795563687646172,23.479895962405347,12.278767273420799,27.264946769245952,28.43426921016201,28.466852521544748,21.373227546650142,18.961683492636464,23.221751789816413,21.02277179982026
"ken","Kenya","Kenya","Afrique","","","","","","","","","","","","","","",32.19317308816826,101.7639143590227,165.3844073270149,207.6068068962674,249.9876528856838,254.9625157941862,245.78753775023716,259.9798664340596,324.8802585734882,413.45626780601043,466.6926647135677,504.4747112274578,504.1645804869613,723.3733763439315,1213.0867901084239,1570.1432616263771,1709.0358783405215,1390.9680984386634,1348.9829761849342,1363.8680008729357,1277.6697670027959,1051.976651559621,884.0323368378112,1058.5145191618928,1361.8101871092924,1314.2517098568594,1219.6924787888456,1243.5234027193123,967.9716280243658,723.9039742053375,604.8019053767357,503.6305667318381,578.2306298126055,675.7466260060243,642.3567873440217,605.0304197053612,588.8713532532672,632.1446622579149,727.4669272670366,782.991683019244,790.5325508330151,780.052963685062,822.8231096016326,813.8403036566818,911.2795353438948,869.7330484251006,887.3457720658397,940.805744906669,961.4594686007017,1086.860021853324,1073.004098745835,975.4770415719274,1052.725795713749,1132.542527994604,1162.2702468286734,1192.5093470768354,1144.51721115853,1132.232083772953,1163.9870186320084,1136.6453119947164,1142.1394650253292,1256.4299060494154,1355.194286147041
"lso","Lesotho","Lesotho","Afrique","","","","","","","","","","","","","","","","","","","","","","","","","","","",2.7868901606716383,2.897748227572522,3.686265138120664,4.117830143946869,7.098586927169994,7.575578696201797,10.094380725601168,8.287513656523705,8.63445414347911,9.994651793551805,10.883236573551997,11.755208323986036,11.025994781938753,14.783516187208756,13.962954308492437,11.689843039207197,11.191902788015378,10.353991466307573,12.14019139573997,15.088913684506325,13.491263612298537,21.91774007084552,25.97214609372565,36.850133833004016,35.363103609744066,37.1558183031727,28.428918690395044,26.768169959640318,24.96450959011886,25.45014425787019,26.767804480902367,29.158832415279086,21.20353891432423,45.334845839973035,59.83032325798426,46.50667665335309,45.38176178288053,45.828243963097485,48.634626531992154,51.13482705251826,52.16288727593809,57.06382991215566,52.7932260471125,48.069453425786705,44.954129208975345,36.48655809062228,34.92585487848381,36.766775450666096,36.70208787231387,37.25212425570327
"lbr","Liberia","Libéria","Afrique","","","","","","","","","","","","","","","","","","","","","","","","","","","","","","","","","","","","","","","","","","","","","","","","","","","","","","","",25.015044069214646,58.773113274640004,25.80594204426757,19.507812537563627,20.352068443294066,34.92337841770226,38.7302484939058,56.015666026677614,59.97209108591375,55.49962700973946,48.578645480193096,45.91969107086582,41.94050022716848,33.812065379386354,27.14923702666299,20.852329244193992,17.82966241893111,38.1004203118212,62.18801065701875,67.65383002495703,33.825,40.255248760984934
"mdg","Madagascar","Madagascar","Afrique","","","","","","","","","","","","","","","",47.34350786902392,51.46885858665617,52.809709479304864,55.93706058903329,59.669244681797856,60.32447495354859,58.463089788256006,58.19130912436187,63.35376532991129,66.6026992819575,74.93475004151252,71.92957164843978,83.60283576417334,110.91647961551266,113.51874150343409,147.24422600451118,136.56540486565098,128.71739366981066,"","",100.66109650228505,96.64131215782389,85.65749955923683,85.37921301249813,79.49575310414319,76.38828641681332,79.88884892186495,82.65000022825018,48.79217525871852,74.56981862594282,62.71367480432964,57.630903442201785,83.37524688848919,106.30104084570769,102.70670175856027,96.32266339535423,97.21635182508548,120.81744340445472,95.4784574701216,110.5525853724523,109.97751530072964,98.7562058777248,95.17306807856282,114.7163956992851,120.60359585144023,87.1238456406606,68.32280398867826,76.47504369106255,74.75612064965495,74.3792499276411,74.37163411153284,71.14760521479454,73.24164663684961,74.27541831982455,80.3467828921537,86.72074395454041,99.50907181077048,106.94402462710914,105.89602749336031,107.84105534998314,121.98192082157841,110.5977897435603
"mwi","Malawi","Malawi","Afrique","","","","","","","","","","","","","","","","","","","",7.708913000934753,7.647335385569058,7.587604235317132,7.9902372470442975,8.558277787923837,14.377174936993715,14.12691192988167,21.333784252574777,19.81083529443409,25.717196420278434,39.67308200869641,56.033733916807094,54.324146458891875,38.816608831858204,29.193808861825044,23.575566387364596,20.038986645243433,23.191102215018635,27.49517720652886,22.806093595466155,18.402165422634322,19.916835398592994,18.796932952688184,16.717686045764253,18.487820805741876,18.756993006747624,18.32970613498796,11.326638250229564,15.039390821140028,19.397309260992905,15.483530103194616,15.09702883605052,12.811997258900366,13.691026665234823,14.80553009443414,15.201206306063092,25.529574678637662,41.848096093276396,34.31138318215271,35.34463345354382,43.19894948315656,52.92835173378943,44.65580603603644,45.59018873876696,52.29927617748829,81.94562002915126,60.660780067837614,48.09474396176476,48.84730774911194,60.41022629075278,66.20542376837209,88.74342516556386,96.07974586888602,87.05352204181413,108.75109102968925,130.45842538773033,117.58999454490589,127.87752199622845
"mli","Mali","Mali","Afrique","","","","","","","","","","","","","","","","",30.46153973063795,27.82218533426312,28.368704594670728,29.503452778457557,33.475071421711455,38.18659896842869,29.70777601638412,36.29407183104014,35.689974870965415,36.58212002017539,50.61824883466613,59.60115637751813,58.68859362234047,48.09992525014117,55.270533120881666,47.516048934922644,44.7572588747137,48.609752561088385,46.25857351648645,45.46834295351683,50.32181834200132,49.50630242865353,59.54196391099047,58.760642678173895,60.450696758786016,58.04260401350559,"","",54.10288862000715,57.86673793392312,62.0725412502336,58.40509565443696,67.85813513242199,67.16813925592231,75.8513193032794,87.9655916929452,88.4680019953986,88.06913410392968,100.68980679083366,109.53485371986619,114.7785887520431,124.43642210934156,129.3034503930118,143.29372569480708,149.02575167638892,157.11652174849894,159.53312713742417,151.47017512102752,152.3948098375039,214.3477826899383,358.2584327878208,428.8630451932806,529.7912949789124,523.349550743821,553.983612251253,676.3419730188941,689.5618741119443,630.5607764475801,810.7437392806646,932.9766425676744,882.9189720044162
"mrt","Mauritania","Mauritanie","Afrique","","","","","","","","","","","","","","","","","","","","","","","","","","","","","","","","","","","","",64.38218463856313,59.79503909029805,56.54829474819293,55.89817304438814,49.40511377464595,46.48970329076817,43.91725287461928,42.27909272624838,41.093322321369605,39.47496855813866,42.20538985515081,50.497033647598265,58.643517969882424,41.47967653680046,55.28795488488956,72.36965313770585,101.22299352104115,72.466071113926,114.81973418184404,118.10690489483761,99.97958406590088,116.96837439848137,"",135.655079150623,136.09591338265818,"","",161.822292640282,159.65425046362049,155.9288279827565,148.6408077474589,164.18847917731182,171.36966001764773,183.01278997318565,185.99369886881547,229.64065456080203,245.5189774410783,225.81189278511738,260.066607443291,275.3986695410916,314.82410541560364
"mus","Mauritius","Maurice","Afrique","","","","","","","","","","","","","","","","","","","",1.6362093396406159,1.9870282778483754,2.406828294568302,2.7121826783932486,2.8702498644867718,3.0533893701867223,3.0405192226468984,3.8571505508477952,4.587765996360375,4.488828024520521,4.751367851373005,6.01494883450838,11.516753735183162,11.26763934844023,6.526337994379191,6.904455796003869,6.775649432215099,6.402896566567731,6.731547482335347,8.07050653431617,9.910214736235565,13.472898098374117,16.79254941823111,18.89005588541376,19.54057759070953,18.9087030862068,19.72114858516299,20.42560422305715,19.091903324406356,15.840754283741846,14.579179097771974,15.303796894059252,15.848076782624409,16.004658104101946,16.373504348056503,16.80443505989724,15.89257840486355,16.17230384237174,15.856865882588833,15.477884546642935,17.16624703827784,18.49005844273754,16.803675581498304,17.31813855493811,16.609416701623623,22.820110845041484,18.76587437293353,18.355901007453262,23.731777619746705,22.89231703472691,22.17902756882247,21.524473866648176,19.964088888332743,21.70565439339035,18.901603642686474,23.92864920959803,19.01137187277738,22.634465451894123
"moz","Mozambique","Mozambique","Afrique","","","","","","","","","","","","","","","","","","","","","","","","","","","","","","","",135.19822944542423,151.58937507829424,143.2135382527133,134.00054342162727,128.11909670074283,107.79675722407329,82.86532322338324,110.46993073080417,101.43665619680802,127.25782288395087,115.52090772568543,108.58397154392387,109.00129272721482,117.48614631083072,137.787761885734,64.04307753601557,58.12509437811295,64.51265093381345,76.6745061236189,91.98793700400545,95.29066226700157,108.62471315552955,112.46421439889357,111.2129068336574,121.76461589862652,93.68543833558137,84.08327228249027,92.5665527414092,92.72765558855873,101.8999143828438,131.6051237764426,121.43058474452549,135.18778925721708,156.15282157860847,174.50547425997357,165.76596068494578,182.81857312565754,187.39167814347616,259.31282050568814,278.7501551701689,410.16028482928755,389.1008109317383,464.01801441565925,420.39891543014465,483.8651122760348,445.6742361312464
"nam","Namibia","Namibie","Afrique","","","","","","","","","","","","","","","","","","","","","","","","","","","","","","","","","","","","","","","","","",247.94140039730027,215.0634015599588,157.23399209765043,92.80991300226337,73.06980071155544,80.46915477553931,85.46499841797402,105.12409610026786,111.58040173576951,151.09865372502864,136.04548104265785,160.3565219859355,158.40441714917142,156.10287491680947,165.13327794064764,182.8060246325212,192.68414123330942,215.13575021696127,269.8185193162265,284.4506411822285,310.25095914389055,327.80726198616367,322.6921296731983,340.0033368037818,499.98071673171063,548.1427673987815,486.4696901495534,442.25626829481115,423.42909192228984,404.2338663499277,401.36230599106244,377.75924861038516,360.2931307876831,355.56901074476633,367.9851998623292,386.2753878780771
"ner","Niger","Niger","Afrique","","","","","","","","","","","","","","","","","","","","","","","","","","",16.67669281197481,16.79999450023882,18.85985674919939,21.11430813772907,21.956730978860875,19.26846720750542,16.547379902584296,16.38204507490081,18.832334740769365,17.149848709033343,18.20758256386102,19.21127062555771,16.94189798781123,"","","","","","",35.571313530657214,30.51440318706672,28.03655486240378,30.910033350217866,38.05446822220396,43.44553903389815,41.63870541448908,50.95375600721464,39.28237861082424,39.64969199219529,46.182935339454836,44.381551933824966,"","",55.3008596665716,57.29259142339323,75.23800521141744,87.38994973858657,166.90769715196308,112.49421278100857,155.99549814359472,"",211.35802948904706,245.16915342927314,258.5156857202957,301.4311113923277,276.82048652657403,218.26102985017965,282.1319939626034,362.1612680947661,435.92487818784014,449.9440417658553
"nga","Nigeria","Nigéria","Afrique","","","","","","","","","","","",119.8638015872581,136.41913721115864,177.07061474233382,214.2812115877177,253.64539387815879,295.767720683185,227.8474702827953,1019.2117249066588,1574.9692001146136,2651.7838211386143,2255.7608458502214,1873.1137118768008,2363.163913236034,2530.014903560349,2848.929234367685,4655.061467029317,3328.9485825350203,3531.7945623998958,2754.101969023685,2381.4319085311727,1934.2080773481018,1274.7475548103725,998.2511838565443,858.5431109767009,573.7270096764386,561.3491374987176,493.5493231609472,396.09435637907393,389.2773568350495,264.43403019266594,436.6809241268151,418.6644492396943,360.1752925927951,486.870543565736,341.6238095909057,393.51788484217263,333.7742329183568,359.0319784979447,458.3127083166832,775.6048963330659,598.945342328595,853.0379464013307,1287.6588602961895,792.6337591178433,772.1914603045306,681.8037728713248,710.6600798320658,825.3501102299072,1159.255755205903,1204.7600501912664,1414.4976602624913,1574.7138394824406,1387.2082366561813,1333.455424946815,1212.4565981640485,1182.7126548499289,1142.0965276521397,1092.326986755394,1288.6814985232882,1182.1806018687892,1521.855042308294,2380.008674955082,1477.642026536731,1779.6662030590828,1134.8475291713032,1756.1835722066328
"rwa","Rwanda","Rwanda","Afrique","","","","","","","","","","","","","","","","","","","","","","","","",51.32053308536649,36.06148263703477,32.893163234533276,35.65463994110036,48.390915062978635,35.707591805084576,40.79162774414977,45.297055750692216,52.48176202266333,48.898683424481014,47.11634694482083,42.37410576063975,45.01920932433823,50.428769454612116,45.44806443721823,43.08703083798433,50.82179974062314,116.4371509006964,161.13737212732005,132.33966870309357,128.0840644180244,43.80060154865915,73.86796248775171,105.01530082701689,96.65453622415633,106.23546939012465,108.05403289277127,92.05799997140382,93.92554407229032,88.80161237057045,82.64482102305234,72.1102878491353,69.76078565255793,76.83246215414067,71.13835766544321,75.00364621357559,76.78032932022771,78.17945497275956,78.98838680260761,77.58833152445968,79.70150284737778,90.52906400254436,106.32331007443082,112.85254007398167,117.90810755648943,126.1569666517158,132.75957537369032,153.34342992766653,180.11829934206673,169.20695702286534,160.71654895017457,175.32435192239714,194.02371009225564
"sen","Senegal","Sénégal","Afrique","","","","","","","","","","","","","","","","","","","","","","","","","","","","","","",157.58841925008096,147.1745261230718,160.82799676498246,139.42283553964828,139.9875339232155,132.4526804641439,120.20054172806621,114.80507039578238,121.43923773728758,129.24181393924377,130.36492494145654,131.627316376513,129.18977995272988,121.08101885662563,142.35998063904336,116.36365198144038,118.64295112159242,116.66343512879322,116.10027122735637,123.03809777423241,132.77154081328916,121.41533655311125,134.10725112089034,134.493021171168,146.15281775959681,146.7629560770199,166.6414842550247,193.1850676771077,217.10689741332038,212.55404149249387,227.11781922335453,214.418971960973,232.33943899390874,211.75767180431959,244.93869157295242,251.13005958265123,268.66457639644534,379.06106107103165,371.1864449649716,440.94102866087565,423.2868584956971,392.6946781189641,517.8434269398346,462.48777835752804,452.80724485259424,638.824014514267,532.8395088468358
"syc","Seychelles","Seychelles","Afrique","","","","","","","","","","","","","","","","","","","","","","","","","","","","","","","","","","","","",15.356990354626364,17.869300187730875,18.31286158477421,18.54940199937092,20.550444782403186,21.286270306583866,23.085267604966457,26.800531487912274,16.893082678579248,14.87250684271715,13.693269982023608,13.143292172602468,14.282064012851594,13.48155726888837,13.539317909970034,12.686878885023408,13.152358034287309,12.987586887818663,12.961415919283045,16.539335208522854,15.155729990928135,14.8899032240268,18.13164754412694,13.695077700651208,11.632515144321493,8.74391909260783,10.647480701991823,12.532725197305343,14.661158292744906,34.32251758195602,20.17862168737397,24.6996064801638,24.959327933502095,23.727107751857247,23.703207839933707,25.62844426159265,43.40950247295694,22.863380365380284,28.33848839859158,27.628250282360703,28.017185057056146
"sle","Sierra Leone","Sierra Leone","Afrique","","","","","","","","","","","","",11.549544359072408,11.985921518908453,12.897968319776295,12.568959567993883,12.814887184402945,12.452253962999528,13.66061221339966,14.380799306977478,17.172857257673556,19.319094837340852,18.59563450291869,18.960463156613567,21.67531679054546,26.769351864892588,22.876789260492927,22.140359082044686,24.66592077550821,23.31787133158482,25.797465793592075,34.07975744641812,30.256347601663997,22.808905495204197,14.918815361806898,11.563559148072736,8.409080016122024,16.904163179558285,8.140619194010688,11.37854560257159,20.79273420421148,21.47727168104232,38.66689903248996,45.444122627216444,36.98661464581585,34.95656969342503,33.72872150061683,24.81258251049977,11.78559351313435,14.627819501391206,21.282683149630994,34.15370919586972,40.56119749219128,38.84116052118381,43.83146059632744,36.021403306784855,34.759363852409464,38.35285176537167,34.28719197207213,25.73499564210632,30.36631213227797,31.594956529539296,32.87939760894741,35.99000173901754,36.21732945590623,55.677121724421674,47.09909314588173,57.78680455528692,52.465535372468025,36.67348997422097,29.9356706608409,38.125974232670615,47.877495231346806,48.81043108236383,46.787986607242296,51.3185828599676,29.527575431126298
"som","Somalia","Somalie","Afrique","","","","","","","","","","","","",30.475832041343665,35.68372739018088,41.723807860262006,44.362283991228075,37.74302249388753,48.764045226130655,56.49127085427136,60.885262591687045,62.32082560296846,77.55480519480521,78.79352777777778,91.65895813953489,95.5712644135189,106.10661574227831,96.46624615384616,96.30625214618593,104.79601638618247,245.25631079717456,212.99814706360826,145.6926374412426,141.12064051918736,122.225631342701,131.79379945286195,92.98886669925284,66.136799,69.95603786251343,65.1285856421246,"","","","","","","","","","","","","","","","","","","","","","","","","",39.39628078243869,89.96097594,68.961817625083,70.56056607586912,87.94670932049938,104.47385145374611,93.466139073657,122.86487200301838,132.83316769375014,132.95150828542694,146.57562700482782,201.854,192.53736171258254
"zaf","South Africa","Afrique du Sud","Afrique","","",268.21388551936906,283.4605882081717,241.7697464112169,227.11566428087886,234.99077201329013,264.2345057247718,381.0671798608169,286.3382316351812,269.00742942521055,306.9226170943993,488.4793318432246,789.7605978853472,791.0533667010997,1108.6669891251345,1135.3332746979154,1229.7102514220649,1365.766376215169,1434.6427819969488,1479.691622824957,1396.2600106804973,1537.6249757305004,1573.1600496788292,1981.6328324434403,2544.5008488528856,3196.4877640860213,3966.2800587525703,4411.791229804984,3958.726456217666,3535.504182656047,3543.9886766136674,3920.7831601421017,3856.163690371021,3918.4689588678275,4221.928763427025,4192.029615813953,4273.203685420504,4718.783924406075,5538.763122990104,5463.072107092134,4920.100901443926,4041.6244581862543,3479.351776388755,3215.414431004735,3428.284711385393,3049.8197644708025,2650.82151062186,2436.846569438342,2159.2021049861546,2069.1054123439253,2428.4954387167195,2715.3599677590996,2975.3293990415227,2945.0791173728417,3048.753965710086,3384.7174174268507,3431.3515667200086,3381.1262414287726,3361.8538084801116,3515.7574166897434,3402.674022766503,3525.573102555569,3684.149480289857,3757.059131486316,3760.9534621249677,3791.751232393885,3692.9924198769086,3639.9517341260103,3488.0627464112195,3465.8693150111985,3598.798573972549,3388.824726186639,3419.407683153531,3214.1560813445017,3033.25133588321,2996.3891156074687
"ssd","South Sudan","Soudan du Sud","Afrique","","","","","","","","","","","","","","","","","","","","","","","","","","","","","","","","","","","","","","","","","","","","","","","","","","","","","","","","","",164.5266475764532,150.83361504184936,208.5639197432095,148.80627584833366,157.28145306430852,224.51676302284685,142.9402162423259,142.1197762060141,185.26440753631414,148.78415455774714,43.415383938881384,18.714242650955658,26.28552825930736,16.163151350943295,8.615837392099445,12.894208903938214,33.72852707301936,77.30326632771923,168.8036680812317,102.61404913304197
"sdn","Sudan","Soudan","Afrique","","","","","","","",1170.1875951099612,1689.787317139533,1597.2377994851176,1852.1666378817579,2080.957947616326,2101.7354472932007,2504.5701185612907,2710.4672743412466,3879.2520431354737,5353.840977089444,4697.915672136075,4396.087258918825,5396.510112552208,7224.2670289480775,8640.587778486813,8665.138773548808,7491.348846277817,6808.957079264767,5314.964822790127,4596.949545474399,6781.842388849542,6999.473163564428,5169.809752241454,6115.242133203636,7052.118764015589,5938.6212085863,6492.906298093408,9279.115326924646,10634.297751415037,7550.980267090103,6433.506991835413,7313.305861689257,7985.413235951031,"",9248.147681083448,7414.35262526243,6419.391095757578,7319.257887114864,5415.314986220527,3957.6698726741097,2804.9739548107236,2206.9014520631713,6002.586526561499,10648.646489612998,13834.579093978402,9023.980100808523,9383.309141070351,7174.875789207771,20151.635260956547,16470.984188402286,19372.985832477145,23085.6365224012,27849.973036937463,27157.828256439123,"","","","","",12895.562556412418,13513.936259929518,17542.576174880363,8937.235265486068,8083.541679242336,4693.659691546757,2769.015719489881,"","","",""
"swz","Eswatini (ex-Swaziland)","Eswatini (ex-Swaziland)","Afrique","","","","","","","","","","","","","","","","","","","","","","","","","","","","",14.602870622498164,20.61916732940328,21.132520448150967,21.248376575005082,18.771389959125838,18.7751741523866,18.297914271696055,16.666167917777653,15.198083473719532,15.171292062811194,13.560796603128551,13.135372183755464,14.108127676400986,20.04698988061134,22.103401282102492,27.814749418578398,32.175520080826914,33.42510609063607,33.901227237278704,34.76213895527695,33.44017900645479,37.41749920507091,39.24629777458304,38.392401749355784,35.60754471923441,36.34170167315318,42.327971991885114,46.71440363427773,61.0692460812956,60.826721620506284,61.91742214106522,69.42380674818422,75.47336257374154,83.86539302174931,81.92149352833555,72.27453292598372,76.39011668746521,76.82544590692437,77.77806476223344,91.13793236655758,84.01885437633543,87.67350046229099,84.14413926895665,81.9379152575612,76.42447611032361,81.15379058064707,87.06409175705036,83.15755226336755,88.11217287389375
"tza","Tanzania","République-Unie de Tanzanie","Afrique","","","","","","","","","","","","","","","","","","",74.60738386786144,71.64226545254637,76.12933202868139,108.16129044932168,148.73225295491974,174.3180195813318,225.22022530197043,294.8641790640485,278.2908271651376,292.62988517703917,362.0451331018325,698.7576610552155,586.8833302560201,278.2021962267273,318.8588992676811,307.05954040956163,263.3593035099492,233.6389359966293,236.4799530284964,251.81053353619896,236.0686973561221,214.77668581099795,207.90467904979926,172.32652611120898,186.67521427741653,186.49620658595137,122.80875163619872,114.48914015949474,148.4350959431579,146.28740926129132,156.11645896641454,170.14223892151102,169.09583822780215,180.32355551793185,209.57079770160757,204.93898346119843,186.0587400337884,189.79664706426433,204.77493617651663,223.75575960127495,234.4347054613983,238.4090139393191,265.4434519107333,343.66932669552284,369.98758676606474,375.7508265265533,434.0530894285935,483.5841224159156,562.0540613572952,615.0765118734972,617.7942926502103,649.9764718200244,656.9986494575473,697.7020411904509,753.1522794926498,837.9613738682257,908.7785350462572,929.4948276340485,983.3752169881167
"tgo","Togo","Togo","Afrique","","","","","","","","","","","","","","",6.961735099767986,20.546852611755224,20.174372189827743,17.169538053518213,18.913942191801056,20.092149495727387,20.791406169705425,22.484685107087284,24.106374832825495,25.09677921527934,28.720322000583092,32.38261363026083,33.53630116094258,42.89008943867513,53.40706338593487,52.59745288258149,45.630266738649155,44.4162444375026,43.4052823556857,38.879583965519686,36.463641587268576,41.47408022450147,52.250768721754504,61.48684991275422,77.14666926330044,76.00200167280106,79.7507380651076,81.68645961990204,76.26550700711658,75.50754961588532,83.31633501971511,59.448134745516,55.76500068189692,"","","","","","","",49.08802331024525,48.89669964515444,47.908537149973824,"","",62.19344934723639,61.148054264056896,65.17603795883518,62.26489183598661,70.02716765941165,76.5848431525727,87.75800521017,86.19732927743713,100.03466166157081,107.80673373907794,119.35216658776376,204.26000910720433,189.57332628366353,212.64587215328734,375.0415780257827,284.66123282620885,212.94903513112322,191.90646503965394
"uga","Uganda","Ouganda","Afrique","","","","","","","","","","","","","",13.763721731675616,49.87220318128243,91.03933549272543,158.6563717398905,212.97936388301903,243.0581275960471,297.73219219956883,305.503703235518,323.81154151719016,553.6669689572885,702.9332336948695,554.3189465484639,416.6152908999559,389.3808521832054,345.38976875363863,238.99214768825263,188.62786362906473,144.0036969295366,195.50556258625866,172.25773008474113,130.9198463207264,91.78083839982979,148.06511101261998,192.13805733386832,205.56263953871604,199.21835196590013,199.0648545846742,179.91300473960752,182.0309825754852,177.27759174669353,117.13485120862383,119.72155665837427,148.24431741999334,167.8712093119458,180.25151891106182,177.90194642768603,225.61612654970037,258.25648348550646,249.8127910324931,252.28450125042886,270.52937217393355,291.4172783203729,333.18223659315055,334.0349639548863,322.91385640139265,330.304492142982,363.98085892919244,357.75826753845314,765.1872234334367,758.5743450776174,387.3200458409433,325.24231257093527,344.15064690399856,381.92033322507586,396.52223584239476,433.3302919903548,513.5000214661865,786.8515752815341,1161.647802234019,1181.7770811140274,988.4096699098727,999.2133003676522,1116.6094890756278,1197.9578067438465
"zmb","Zambia","Zambie","Afrique","","","","","","","","","","","","","","","","","","","","","","","","","","","","","","","","","","","",247.92140749572644,199.82042855763672,368.56940998125236,332.6293015546594,247.94294733687144,358.33697540101446,315.5249122407622,210.90445247119388,239.69051083300283,116.33377017807916,136.7941533956828,115.04862239025184,76.95391229682355,77.1408853849294,"",114.92461023298443,"","","","",150.50704615358836,168.5246304729702,184.12311862365416,208.56556686186693,207.7861838926487,196.17216253639933,217.95021666768884,228.91729418551367,254.82067049420914,274.9755085756245,338.3261356052203,361.93524897826916,294.99172595728567,287.1762996702378,329.7603788881016,288.1443341637028,255.96192494017902,234.98298234876785,268.84669647554415,327.9318592467541,348.99311504378034,342.73833270460136
"zwe","Zimbabwe","Zimbabwe","Afrique","","","","","","","","","","","","","","","","","","","","","","","","","","","","","","","",37.60859742739662,31.3597709363496,34.995889555822444,37.72871430419688,32.111959372024494,32.78936029750397,32.780885856504575,33.34578136503666,34.94246647177728,36.47880215726132,36.67308332244889,38.14022343125604,30.985724661308808,26.020556746733416,26.555911844837375,24.44119275979339,25.577845396304763,27.576248566017163,37.64845886663814,37.43506611139623,47.10856404920814,62.101428929351464,223.69443321759914,70.39479728508229,43.33337466187695,32.46846447675086,30.0472537601978,"","","",23.814182305375887,46.464204821864875,71.85071512291914,79.23338505962009,81.93959288868393,85.91982959990854,82.97390929809025,78.19209305319478,87.26884603704526,79.89695745193546,105.50687687757785,193.13237037744528,171.64025747369635,64.8876826090387,98.39429271626754,133.4935432504449
"blz","Belize","Belize","Amérique","","","","","","","","","","","","","","","","","","","","","","","","","","","","","","","","",5.402959741941214,6.267414628268148,6.717110261084567,7.295822845427173,6.881986363662845,"","","",8.48098060424577,9.010291573135987,8.87488540573001,9.691295803842342,11.06343585391742,13.898826639223973,13.770979092327646,12.855377072754097,14.98947293364095,"","",10.503716216009591,10.615785883340116,10.696629324347546,11.418666142719594,11.904395540764197,13.59153465170812,16.780095513618217,18.37069111947817,23.48933453718197,21.911414056664647,19.284969524564172,19.078652934176574,18.59288196005845,21.609918124387207,23.921230930722146,23.887733931593523,26.131613152555882,27.433160738035472,27.697742218183176,28.929697806293284,30.78784641206546,30.599875836594727,29.98044981865523,33.55908786703993,35.1847625,32.856854107270884
"cri","Costa Rica","Costa Rica","Amérique",0.,0.,0.,0.,0.,0.,0.,0.,0.,0.,0.,0.,0.,0.,0.,0.,0.,0.,0.,0.,0.,0.,0.,0.,0.,0.,0.,0.,0.,0.,0.,0.,0.,0.,0.,0.,0.,0.,0.,0.,0.,0.,0.,0.,0.,0.,0.,0.,0.,0.,0.,0.,0.,0.,0.,0.,0.,0.,0.,0.,0.,0.,0.,0.,0.,0.,0.,0.,0.,0.,0.,0.,0.,0.,0.,0.,0.
"cub","Cuba","Cuba","Amérique","","","","","","","","","","","","","","","","","","","","","","","","","","","","","","","","","","","","","","","","","","","","","","","","","","","","","","","","","","","","","","","","","","","","","","","","","","","","",""
"dom","Dominican Republic","République dominicaine","Amérique","","","","","","","","","",246.86323906394355,"",247.36484046362708,243.96222027627238,233.9630075351408,221.14654403830707,236.0197468764298,227.55169854512118,210.01784547004263,199.64170732501717,207.93201028923065,196.5744289344175,190.9434075012213,187.93818745127598,186.6975621399678,172.50151677876175,209.09645408186873,208.92858822641932,224.17512785320818,225.49318934318887,259.4819665655631,276.9069250720602,207.5251063915902,229.78644524645364,215.17232764548638,203.70646318463935,187.0336340254845,175.9075875002365,205.57001646565087,172.78139331430205,152.21887014522545,127.01046045059827,101.3807134336294,72.76909986909266,130.83184049028816,187.56794933511495,189.17449086705315,145.2888788771039,176.93238240590313,238.24382512235417,256.7536246550472,278.65021026696706,373.50358083978654,439.0560169468462,406.8082974610305,303.2745949364196,268.2834322365759,332.2695724186448,320.6202685960121,320.724740150779,368.27674759288215,361.73622973382913,388.6773664069132,369.8093433830078,417.0706807779069,409.18811178012857,472.3880896975307,507.1844593979591,534.8436180830325,593.2209777350322,664.8097793231051,698.8347271055864,711.8284215777496,690.1843875040737,772.5901653372605,921.749032558063,1012.0702603424603,1035.8181937115453
"slv","El Salvador","El Salvador","Amérique","","","","",93.80262654784619,"","",95.40946882616689,110.2513440144016,103.23358289526361,85.37505344455536,83.76250796458282,87.19786449627478,121.95648910350461,117.85733625280342,108.61591507141809,122.47251649234974,125.9946037136411,127.67884057076675,121.6266919074413,138.21618641927603,127.76311204010347,151.8073034307504,195.5809984940827,205.86934837854218,188.4529864165427,185.52898031434734,227.37344108619726,283.12833429101846,305.8941599638716,418.88076759245274,405.3009114063059,445.7754086766136,480.55711881925924,559.5949841761909,950.8182816923211,825.0406768973756,815.5840302851393,707.491613276857,597.6700582295192,604.7895922932696,513.9051108482105,465.69321392464826,403.80199831159507,307.83544417241933,262.0943577875151,243.9426433479518,220.58895527284713,213.74048810290654,205.86629826708273,212.0430275958299,199.43148439285073,262.37546475968884,276.46023356747986,211.95510822991722,205.16516546366827,203.47427077588884,209.11744368401142,233.03214240942154,228.1418359361558,247.8117549917429,259.23949815352154,270.7604513306259,270.4981239401885,284.2630983071084,276.79508225238993,295.2855464464223,293.39409115807405,306.05558540410874,341.87244685967704,367.80937059558124,400.2566795502427,395.4818507684858,481.1154951586843,458.64938393916543,490.6,488.53497583654485
"gtm","Guatemala","Guatemala","Amérique","","","","","","",139.5369017846385,148.33436878035926,160.1524188418844,156.76245791560692,171.0228329815762,159.37415388468287,160.26097402288116,155.34919525443715,192.20691137216397,168.92943428761336,243.51708608335335,248.6275371260465,274.35708606774944,259.2638418859972,219.08400150581045,392.8589411134247,271.24496219761267,291.6926394175209,249.921008373209,260.37456095726753,363.7780699899986,406.1039188155994,489.87717355727796,431.3282653537473,487.3377905011726,505.8510645101305,711.5510302683034,770.2111834975286,768.7304304105124,837.1344815073089,762.9191267926201,655.6651549319658,685.3376978690942,765.7873346660908,764.4855701704286,751.7862169357377,571.2103177214692,687.7623405856193,629.7634243752224,614.1563859248464,592.2937858494813,495.74062724234426,425.2235413140506,444.98731929503845,432.39870806367384,547.0185835797764,643.3916471640761,476.64059924595205,517.2644936661018,309.23701774212986,247.56668923838242,289.13079137483345,284.4388983745881,308.2579039465541,289.2636555123846,316.73456776748384,335.01613897163577,369.1156168043107,394.9507249986145,369.69367366852094,367.3222580194459,402.4143345297156,352.20014754671126,344.9732899788865,413.76575020428334,415.31734289076917,393.2712841137487,481.7219877933605,454.4499225611458,453.46175100655245,616.4656213311029
"hti","Haiti","Haïti","Amérique","","","","","","","","","","","","","","","","","","","","","","","","","","","","","","","","","","","","","","","",11.453234114412442,11.49852274383488,11.119626555743432,11.554692769039079,11.068476232583297,9.515929023344514,8.444013808276416,8.319193699018479,"","","","","","","","","","","","","","","","","",8.974192729711955,10.702876347309092,12.020861683951052,15.562851683940123,14.568428545658959,19.807391891202748,27.07820133192923,30.833679120808366,46.181082508333496,19.639287282347865,16.00987377253907,19.781061318649925,30.415491033915202
"hnd","Honduras","Honduras","Amérique","","",25.978706305203836,26.289075366742587,29.305451632922548,27.06267661468715,29.862627958203202,32.88611322158788,51.10381981221958,55.27186357522193,49.97990360724458,40.04078520451775,38.519435015860864,38.10332431247548,36.86776600606541,54.04293886332887,55.95525923568731,57.173396395748824,58.586611045978586,59.63064812232109,60.14271315939098,80.38048056921455,90.54632937329878,118.43591428200729,116.23253126987221,109.13249327904938,127.51070902281464,134.63974454458221,166.60457635257487,213.53225648796885,218.92003397960934,213.3082049770657,206.94195616099356,210.2864671373264,202.95268943284597,224.24723277020135,251.77124571097744,270.7860949041136,306.7898284273047,316.3725794714733,301.09395483284436,244.15121850368143,166.39338222292207,"",144.00844437418465,"","","","","","",129.06892609300186,147.25238028610292,146.71710496905575,185.86515545153785,132.95562680790465,130.6251961971429,149.93433674181847,177.91168361567512,220.57594626436412,247.45306359879856,256.5216026460639,283.1996471950696,290.48544291550786,350.8450995351383,314.7302582434239,383.94178323031144,456.14869439648135,499.2001862674568,474.5703606905985,510.65038975406685,431.78561747841985,497.04802109564196,507.3997041645773,544.0013592734878,547.3303524805732,581.7974229039787
"jam","Jamaica","Jamaïque","Amérique","","","","","","","","","","","","","","","","","","","","","","","","","","","",90.42848357290927,90.61730432303374,"","","",104.37342753866615,116.90504693299575,106.33366716556816,85.12486215166851,71.04765532332932,76.45390222944665,77.30416939120872,87.24182342994075,105.69073566850665,102.22107886319444,94.26057390366036,149.08735986923216,125.25775853416548,94.48205217389912,86.3341762638968,85.41095591309458,97.51194707242209,80.48037835662718,76.86611493410777,75.5219803292273,80.3997464069344,96.97095910751175,101.2502245559124,93.97294149143083,90.41268138872526,107.68473479884962,119.21540944892989,161.1075486764504,156.00063011480066,138.34439066912108,146.50994402831984,145.88523848444393,140.61751457102082,135.75717496451648,140.85468936960316,159.82442055376183,167.98614534195247,237.19635391785485,299.81854221585485,269.4910926475998,245.8729474338529,232.58044930809905,229.23175798590526,276.1699501811271,279.84418168739575
"mex","Mexico","Mexique","Amérique",510.99044734462313,568.4876076093262,576.0984029541563,532.8132301090235,604.2903272732921,761.9910639609253,721.4569805093231,736.6837501671804,799.9787432881778,743.7184018663164,728.1990416642071,820.6104211556983,830.692455763598,942.4592194331801,1057.7823461993917,1107.447132142004,1062.164764844621,1114.9620894584564,1108.8687365008016,1206.8602247990304,1412.357572641464,1318.529723307583,1354.6260671201287,1635.592470607363,1811.4589284311353,1981.5873008023934,2133.3079184633975,2394.2508925230686,2236.2187511529637,2273.7696861303816,2527.4118619302494,2400.115163997771,3177.342525116656,3071.911321293882,2941.3025219008077,3686.6279933877768,3842.848712856155,3234.248243231772,3127.8484829526647,2907.9861809594795,3082.149063738052,2919.308192138005,3077.8098077671198,3416.2830931036724,3646.122037565844,4583.65808483498,3829.2422860160627,4064.78976233324,4072.8722124023775,4200.402311488865,4419.360152159354,4561.609946619497,4513.949942643558,4363.339127322148,4351.992807460096,4192.72640576558,4260.282370910607,3995.297415799133,5361.122795549519,5331.066958538738,6401.926287785768,6097.176053182659,6655.762849175918,7046.30354966583,7453.6891958907445,7786.706658248752,7313.160404010147,8177.651898880454,7409.406717562982,8286.697144850763,9108.38602242656,11901.258195263645,11464.297372571918,12221.040209330933,12035.011635945584,20594.94769831146,13782.873929875042
"nic","Nicaragua","Nicaragua","Amérique","","","","","","","","","","","","","","","","","","","","","","","",0.093742482054165,0.07085517948935857,0.09038129829597578,0.10239645191372693,0.1363494132648654,0.1729303616199413,0.20688585581612656,0.13769173046772976,0.15681289157905537,0.19246244103156004,"","","","","","","","",120.86048554922405,100.15890519600968,67.09772813461778,56.61205227095343,57.49026806688984,57.60721395308455,51.79028687169827,50.99826016645989,43.85109159980862,45.102827172564375,51.79477502800845,47.11962988320151,59.80031292810391,61.01056523296389,54.84364676450741,54.948026914510386,57.76155142814885,57.77801129719855,54.72054637866684,54.19245531735303,57.25713391338824,64.64630025295138,86.31708481173038,89.8983474316579,97.2132905793755,119.30321241692475,103.98623162174808,106.80946893195495,101.07255288810677,94.04038992749084,98.0009554244153,92.67621123608247,93.4993702735868,102.94699688736053,108.62733212648433,114.56292624187925
"pan","Panama","Panama","Amérique","","","","","","","","","","","","","","","","","","","","","","","","","","","","","","","","","","","","","","",196.12577432431516,193.7294167832236,191.4525125432621,136.29363235961424,144.73002636343253,142.49845715903967,171.37743251674593,179.54116356551302,170.02916089052218,175.91677147840235,202.4393383411149,177.42913863504597,188.04978994847212,0.,0.,0.,0.,0.,0.,0.,0.,0.,0.,0.,0.,0.,0.,0.,0.,0.,0.,0.,0.,0.,0.,0.,0.,0.,0.
"tto","Trinidad and Tobago","Trinité-et-Tobago","Amérique","","","","","","","","","","","","","","","","","","","",83.78582231063294,84.6075591574641,97.22625050973267,128.93723987772532,121.42972285984406,105.76510093289383,87.1691565116731,98.19345225062133,117.35480349670453,126.04171452424706,136.24992892324852,176.52634886814303,203.87261015464273,169.8154522397241,"","","","","","","","","","","",79.8244898071229,86.813028757495,"","","","","","",39.1067841650275,52.61325545537351,88.3705299076254,191.77221386495046,231.1535245260797,252.7605025486484,253.527865471878,250.79146287952122,234.78091418086456,221.0910561920705,215.923522377403,229.03084320523666,272.9776129655025,229.82870695405956,233.80303204293148,253.5000525435665,236.09884081634155,192.1567557952419,197.749206453687,193.80747793697392,231.4771145022521,229.72966587723764,245.8358692275712,238.0623198706889,227.77439004507943
"can","Canada","Canada","Amérique","",4365.766604739401,8846.981419119504,14219.17327342245,16316.54822956062,15179.517250863599,15031.445780142445,15340.422968357952,14650.187249171506,13645.721650154346,12766.87723363686,12484.391291855749,12742.712061306544,13235.144915124936,12642.888043279478,12786.832495985367,11849.663306508575,11703.706313411272,12443.431111816826,12087.640818710071,11384.047271522006,11406.217169900698,11788.351271338852,11858.435653238732,11777.14492009793,12351.370576363679,13124.606053530753,13325.81785520549,13941.716050520914,14524.320394098662,14062.06097231138,14797.818192500692,14620.345235155482,15892.17271825358,17320.906409412375,18455.698306956576,19001.620167219506,19356.221880875197,19778.931542232975,20089.378122431008,19987.782263696554,19968.981737458293,18442.36784659734,18238.710000085022,18192.85845670329,17928.584121787066,16898.062136277815,15517.618895343418,14299.715715788263,14794.178108598102,15432.838981897636,15180.060304457495,15582.503532687682,15661.559309894385,15949.906400763355,16553.592616216745,17281.623727540296,18084.863293392296,19717.188417024423,21248.72949356393,22219.20967084438,20068.584381520952,20746.794093539345,19728.19786361667,18236.435322091682,20436.175363356313,21630.867339426666,21185.88166571544,25012.2579211385,24638.575207532882,24388.90549342034,26979.460616982313,25691.131319973574,25395.778251551463,29145.91768049541,30617.562312508773,37529.25756327324
"usa","United States of America","États-Unis d'Amérique","Amérique",181095.54595961623,194625.01922071318,416423.76619009074,586599.3353951831,603952.7491342905,521100.5541461824,493268.10842299985,499722.011991578,513981.0695660227,510931.9214733394,514510.5616368587,501847.3740731077,523074.47174020496,566782.2473108689,559063.7952629474,540424.6027361855,542791.5123052777,641790.2905904202,736820.0824456811,760483.6159193042,727077.1448721099,673817.9354960863,606251.8121053874,605379.8776017636,575307.8276810786,567795.5315287722,536613.2655109749,522016.12892734614,541716.8569209804,545143.7197747057,548272.4602247528,547007.220510534,609290.8805095402,720586.0512928795,703680.5613919985,740140.2065523877,793443.8836968157,845889.7759974619,838949.2861300871,821399.2444562322,814459.9737453692,780581.0964313726,689542.0557902782,726638.0164097493,687750.9280501192,651998.965640133,609028.6321555362,575900.8364920784,572921.6482810033,559984.9477548694,561362.9817292582,583086.5598592585,587822.184904898,660012.0108706779,751202.6688348472,818750.899893239,856461.6701506235,868803.049526678,891986.0560272832,956872.4163661142,1.0321682514445777e6,1.0616743326546005e6,1.049102957691518e6,990830.7401183299,914617.1883998603,858357.1260671958,838865.0602699278,836290.9486959133,827674.2656242814,852585.0459108626,901032.1194575771,943446.5779925706,933334.4804580521,922552.5241546383,943032.7844566408,1.004901e6,929162.8952373267
"arg","Argentina","Argentine","Amérique",5610.886402575427,4447.6332173924875,3014.8012121111087,3070.3542744879046,4003.5047985983065,3814.5670338059117,3851.777276832215,3605.4388457214586,6398.924953627421,3445.7903706224947,1939.341214350523,2904.513846461546,3536.421512418784,3425.597115715311,3492.4330753010117,2934.5947478869307,2830.387978470924,2927.668484888532,3259.290707895411,3939.8722279225194,4810.8433913287045,4617.930780149624,4766.0234025804875,4902.385183629484,5135.878170548125,5226.6326387957,6634.988403089819,11988.607955273616,12698.032322774287,13568.311678735421,14097.895338564811,12547.035973564894,13355.224835563382,11509.553048620453,13159.824137495652,10325.325821851397,9540.015043771613,9502.238945258503,9477.962133181081,9474.151661542715,7701.164973204747,5229.927605184641,5247.796553033741,4969.173843345724,4688.929938564431,5017.216493252714,4918.053424275708,4363.932719365403,4290.929020416579,4325.680791367527,4457.892904902637,4246.409051726043,4183.0770158622045,3564.7500919330964,3671.721156275169,3778.3168189886214,3968.7722478195687,4092.2435390321375,4426.711269046806,4398.584624144915,4740.525859671777,4690.828373174645,4623.570380407806,4566.51687896623,5116.60060660098,5293.33472748243,5242.1436251849345,5100.009087691912,5529.390005759476,4920.034815432078,4476.31696263485,4173.9493325461635,4111.415848342207,4620.2913744192,5058.438198054318,4179.838656990005,3731.044862653335
"bol","Bolivia","Bolivie","Amérique","","","","",61.229625262206284,"",41.78813485951694,30.923448417951484,35.496254404432406,"","","",57.72463240243252,57.39354833160964,71.24851251455361,"","","","",90.64582167443587,93.82739938802297,123.6400337321281,112.6986154354262,154.51439679160458,180.52856462332085,208.657213377743,283.3257571341186,310.5370961512551,315.1157527757446,380.72827492147115,397.5197196294732,430.8630240831422,489.5389779949186,296.5984422649691,207.6053481045603,327.19001348288896,351.3677440527483,288.6427506915517,299.7663643476775,265.6944925706403,289.15331695162524,392.2340434025455,381.99148068811667,365.64342261885815,286.2393423055853,352.06218001132754,347.13462450200336,340.79245530464095,413.2044164622396,510.7097235506229,407.579640907779,406.297412023693,465.98444429785303,417.3077345198323,475.41498280304893,452.5802835837298,430.0842223509836,419.5106802305402,440.02560404502026,666.309689184997,522.0391305164187,912.1026652798213,605.175013970061,714.4150227181502,763.0261805498344,799.8881856623343,713.0589544604509,615.6428437613334,664.251433749451,679.6691881592538,656.8070566107411,559.0340803117545,583.0199330979984,458.1408291575367,613.8861068828996,570.9117221418234,569.7008064041199
"bra","Brazil","Brésil","Amérique","","","","",1646.581388600342,"","","",2483.7548821507685,2485.7613571750685,1972.2279040665078,1810.1710781476545,1688.5452346690402,1797.4869679478945,1764.1213478110576,1646.8312492055925,2761.1561202333464,2497.700652838733,2402.900864472054,2493.212693062038,2627.3284213036286,3124.9069249407607,3114.203074068162,4702.67855861183,5341.379696936253,5593.9136802008,6137.362790641848,7174.786299663986,6564.083426773097,6523.675526114593,6810.549549272157,5976.546426980465,5832.905043321992,6750.094547035322,6342.9210645149815,6721.722706023766,9233.873975215614,8446.751071109742,11584.592458523734,14438.25886481412,15194.922670627522,12667.104024330232,10259.049201679913,8076.6390724334315,11097.207306853832,13211.881655730995,14854.520794787517,13813.90524044528,13719.116760687753,14746.720869511957,15106.693228330565,16363.752067718398,18953.76569300679,19206.80002947588,15322.306237167366,15920.55877544233,17225.91823576497,17836.74175202462,19236.067300204628,20463.18251083926,22312.35252861796,24777.737024252045,24000.53658379481,24462.029770160065,24595.150051793913,25086.978422109754,24505.608193698063,23261.57859798265,24777.89368600606,26422.044423989362,25282.75873858526,24202.752008622083,22922.950893134635,21487.94727234753,21074.968007704578,20963.641605747773,23639.68496751835
"chl","Chile","Chili","Amérique","","","","",204.8688998286259,112.23295422060178,157.87070944477375,200.48534598099215,201.7945679307852,222.4845999395292,169.86159917722506,235.54705874340488,277.91460487630854,249.9906574463401,248.7237201110542,237.69078211225644,283.2839114592485,312.1682556464708,340.1889217946882,346.4525785820736,344.145742429376,734.5931288221235,1112.0017732033248,1223.315830210225,1250.0714620701985,1876.2300383805484,1444.3477564394989,1517.3851533370873,2008.6636974469304,2363.2767718668374,2641.3181688548207,2785.99062740999,2986.069131602325,3341.7027524527243,2817.1297795136315,2867.9156338077755,2788.5709728552592,2742.1880981609884,2723.589357945671,2272.7974491584696,2092.7668883546985,1978.0342156601,1872.0772428018875,1896.1593428913354,2071.0590716388115,2193.8707976313935,2386.653830156745,2406.037970756001,2567.901113967549,2671.370097186643,2763.77654393252,2906.0021191348474,2971.4903777426052,2957.204700824142,3354.517764988742,3802.8747103321175,3909.884107962951,4454.696593576764,4386.007552590316,4655.564377526174,4186.591778633639,4710.464332705275,5020.517338289503,4711.973752412367,4767.879751426963,4838.241560309246,4825.775308064921,4984.668879107535,5227.417742267275,5216.206402144539,5213.760946076072,5768.676145092085,5238.640030504045,4835.124127560804,5079.256722871217,5506.7456574498965,5151.859744215887
"col","Colombia","Colombie","Amérique","","","","","","","","","",469.2414775172838,385.4501583287612,424.00224106453686,506.5520890280266,786.5886898497002,898.5442505066891,857.8058750621594,904.5244286588609,930.6763072039922,954.9948173762238,789.2817890606335,731.3576787444374,900.1265301364906,1415.3190410568134,883.1743763080643,802.7967541789548,796.4734173740907,897.434734079426,842.509644087986,816.3408417478522,951.9584846929295,1079.2655843279663,1238.7025085556056,1169.8337441009694,1155.061392097874,1528.2165684056047,1740.6369714357818,1595.6317968097032,1737.1046599924707,1867.7808007738936,2149.4619000353923,2190.928499531164,2291.019702355671,2268.3313581922143,2590.4470123645347,3336.614879298863,3485.5989136301428,4069.4993345834673,6308.11070096181,4055.557965751755,4844.4302353309695,5154.708934881695,5231.643335315034,5753.857535875603,6041.612355552694,6346.511470833551,6774.071694640549,6896.356991312195,7291.965106180873,7735.648503145881,9143.767469520193,9605.689897558548,9532.487425682511,8873.43950720765,9498.054015011461,10342.429332716289,10199.893447358207,10252.892290895375,10108.845337421008,10787.299027767996,10601.701261893331,11397.586079827388,11764.752285919092,12277.010567851641,12023.206172638489,12201.043822154686,13876.037183895292,13743.503251894672
"ecu","Ecuador","Équateur","Amérique","","","","",818.8497447333241,"","","",1294.4017714054824,1242.4287258519876,1087.4134436711647,1459.003692191653,1401.161340064109,1334.563864998703,1177.5888125561207,1370.0207033885047,1534.1786241921823,1418.9315965254978,1509.1305584288446,1674.5569213095264,2134.4315479666184,2180.0209888137874,1944.6698604679589,2263.863814984132,2642.3008113972796,3257.4752213477514,3850.464254932696,3990.8293234321695,6187.267470136984,4433.326120153402,4559.916573934884,4532.34388774659,4360.004015999728,4407.946721479715,3810.584045931875,3972.1726300580485,5079.76142796119,5312.153320903944,5694.958371284764,6091.912018697806,5777.401012700497,6064.389038346985,5746.230430723049,5510.848094205196,6219.541514044451,5889.878468478343,9133.39491801489,6475.7826799163295,5902.6117740853215,4771.587511133514,1689.8484760532808,774.4049547385348,812.0020386189544,949.3537575599935,1287.186607633523,1203.6554862661353,1582.982655070279,1526.0063018135274,2057.450987838137,2384.835165693407,2685.282173406495,2786.033314594672,3124.788687901184,3137.990047637788,3227.1203001603153,3173.030790701653,2844.9554584032117,2705.8496295920463,2640.4589714017816,2739.5564576023326,2514.296769878296,2533.922432312117,2586.943599044857,2684.696319448104,2733.653993203646,2882.2,2707.033828755493
"guy","Guyana","Guyana","Amérique","","","","","","","","","","","","","","","","","","","","","","","","",19.888005109472765,39.56921959997409,113.18835930226834,117.6973817405924,77.66583033750587,48.16162842887452,40.71649835468282,45.229807423922864,41.77216620150093,40.77374419206815,31.616674845045022,30.287897046035557,54.90682574412013,36.507080184861714,24.719429818183663,18.795785097207776,14.724592943093345,7.773269587953687,6.126089160196807,9.647182730091604,11.041423704008585,13.254270723986423,12.583376413688848,11.344307384135423,"","","",27.001551737007464,30.848106589574776,34.53819899544768,32.52746913905742,43.04054430664387,33.924623839139166,33.00482124611519,38.718196210153664,44.05276105607024,43.60740956015718,41.99947819449654,41.813656580454264,42.32558062664533,43.76375985489724,48.72401100376806,58.18936690611646,64.30104728120648,72.5816786696166,74.85681692544811,80.08099982366956,90.49621550313425,86.21699239013964,93.65561846027497,113.81029057209012,206.62065227817746,239.85590795709084
"pry","Paraguay","Paraguay","Amérique","","","","","","","","","","","",51.40063852933115,44.997959871979745,51.093163544575255,55.6790020660922,58.54397710506654,67.07451838201551,75.85904507578007,82.2590062695317,90.89278861141541,95.50271889578603,104.20889008712994,106.65831538885566,135.83170688910468,129.03747691838203,104.76488379883135,135.84929556812662,139.80498594941923,151.70396384014117,171.76775231439544,122.4734868811466,140.63430375649074,183.87162812898768,275.78057028960865,258.54170381273116,268.0797902568824,299.0234050327211,303.45475710677437,246.7378794347368,307.1492077567502,256.6206068467889,248.94361875115,380.20566161140226,320.6139011244252,293.7326989327332,271.37103052230054,316.7068095884751,295.0444802842532,242.9011791094953,225.99246517656218,202.68740710377503,196.63652549378142,178.78392139089885,172.4220958856758,154.14389878609146,182.7494433262804,162.26808357409007,185.77929513858163,190.63947076962413,190.57200794768556,211.80937573406095,234.40248833626734,267.059075887611,306.0905257583284,336.69499102227775,355.2929598036173,389.9208177314973,362.35931709685127,351.54288973324697,383.0730611129795,387.71528428511897,407.4942039175749,391.9824037578587,366.7282313746209,398.00976493075103,413.8269234475506,405.75864640887124
"per","Peru","Pérou","Amérique",896.9896369524681,974.0925734243709,1123.0723002063278,1070.1569297778594,1105.2503472314445,1129.3303819617238,1261.3827754964573,1427.458114590803,1387.8947700978956,1396.9553082162752,1366.2771940713728,1427.8208512725862,1700.1663446489501,1679.1903381502027,2321.2792733190327,2616.479660270681,2477.7038748802233,2487.471327690137,4298.589198605273,2142.3098935629764,2297.391400211807,3699.8517281406016,3928.454004452964,4096.556587553732,4930.413463318205,5264.925252498244,6945.07947679046,7867.902765921976,11411.413248462275,8651.907103064465,5839.06594850089,8592.396492017515,7507.601707879286,9619.800951995043,7773.325984272201,5657.071060589164,6805.75697628212,6323.016295252056,6889.783994322917,3479.3630298599523,2410.2242901208665,2017.985651307211,1462.1216821959035,1761.7679510599485,2001.1289442440202,2073.8490953402916,2436.9620713663785,2350.1958944670223,1984.3719511322374,1971.10910925882,1911.5600703344217,1746.7903369881974,1706.5199758821968,1585.8681422668044,1628.4099063429549,1594.6412737108833,1977.1292022380696,2066.3715481483346,2002.1981272805967,1996.541039936861,2455.4974936688404,2674.3426799567274,2726.111962379577,3057.7526480901556,3525.153279018738,3486.6468644849056,3893.553010766038,3051.8856863924693,3012.680198220438,2967.7741221294427,3063.9048368117947,3030.00705806535,3206.7560948841924,3105.3515829669045,3365.8021439382624,2543.287408394404,2427.2849177063636
"ury","Uruguay","Uruguay","Amérique","","","","","","","","","","","","","","","","","","","","","","","",628.0118861503794,1125.696658739278,1357.422101773556,1271.351275720372,1061.109215337117,1137.232676522163,1181.1788664013977,1384.2992398414644,1674.2487132700894,2209.579622399212,2012.05110805869,1533.8081291124565,1297.2936538960546,1251.3917419537897,1263.9820588621317,1063.3393256038107,1209.9489322994943,1330.9819413912242,1299.929163359791,908.4426787094769,1104.3996944446599,1065.970715286326,1013.514168860682,1043.029510794819,1121.3041818209633,1107.5419562081522,1104.7539887041655,1134.2437973515664,1118.4127348149211,1109.769588359514,1022.9202691111534,890.2331793948684,859.9568714505486,871.0482324277152,910.5347644627882,869.7146525549722,981.8989618156539,1004.2692916153155,1095.5239618208238,1065.1876447558461,1161.614307985615,1219.4141178527786,1258.2802926389973,1276.237438346126,1307.5537956740477,1381.253342583037,1501.424430541907,1449.6045960973736,1486.6124962168,1634.869101197993,1476.3942668535542,1529.0302469140113,1583.089131659923,1909.5686271542531
"ven","Venezuela","Venezuela","Amérique","","","","","","","","","","","","","","","","","","","","","","","","","","","","","","","","","","","","","","","","","","","","","","","","","","","","","","","","","","","","","","","","","","","","","","","","","","","","",""
"aus","Australia","Australie","Océanie","",3192.848998044276,4586.033314654722,5857.113149419829,5895.4323126259405,5287.587220510912,5369.779458253822,5204.072319157091,4995.342679774801,4949.441891815638,4977.615530190635,4897.135231739612,4893.500847385763,5099.7183206341,5734.473115470429,6639.853236277826,7668.532206699721,9332.49946535495,10978.645434842962,11799.91038408123,11406.902441137214,10664.83173673176,10363.664962687966,10368.305074815027,9931.991746639713,9794.766668860075,9953.479932025373,10105.91901202642,10159.091668251065,10271.053250750676,10614.831938093577,11162.401530173149,11918.375591001588,12530.133846345005,12962.003549438119,13974.5844929693,14652.866224131383,14737.024628762778,14236.35831145536,13731.199503543496,13615.519617449172,13682.62084293933,13916.01311167287,14321.944062931787,14864.735364954471,15030.984991577387,14559.722480520066,14381.40242017376,14639.346342499823,15356.001175932755,16107.228819227574,16063.272859872173,16699.21119348951,17417.24500750413,17741.588096026222,18473.05959251938,19118.198903070133,20139.7885002056,21377.151511900563,22156.62523919614,23825.72878483525,24102.87417349826,23768.958776409287,22936.004209944742,22736.78715641264,24676.81213374582,27201.48746206845,29786.8396851766,29733.563836224694,29023.643018881237,29810.47264023605,31267.502402443875,33394.85232294425,33625.166448444186,33238.932516455556,34231.448067172016,35263.62351875647
"fji","Fiji","Fidji","Océanie","","","","","","","","","","","","","","","","","","","","","",2.746583104836724,3.2156696743584035,3.7251403671599146,3.817732546243557,4.911351122514423,6.734922581248768,8.833458033762113,11.19619500970112,19.30801605290447,23.373343281964214,21.639545223725836,22.28652598121328,29.871868866851838,30.86890189739643,32.237905507762676,29.53866008324264,29.681104549078274,53.12144101312643,53.6602621989099,61.77322318340537,59.86237764357352,59.56566173383829,54.387108109551136,55.63744545098197,55.063857138392926,53.36087290852433,48.916497212499316,45.88547655501184,43.600461180130026,44.66330062870936,64.2458161413573,67.48551748577789,60.609368517631125,60.84968820938971,67.88136754837122,59.6077217104122,74.67337937934028,92.64114062985946,60.34278365645624,68.71934703459247,63.89572874199089,67.13681066913773,63.127903525578795,61.91940204026586,81.26011858207009,50.76672613977961,62.32692504853187,82.23916550687656,86.21813948512742,84.87804883716777,78.39283340083246,71.17638530905835,70.36667141053748,75.28522358101024,77.45407353524666,81.39196718221413
"nzl","New Zealand","Nouvelle-Zélande","Océanie","","","","","","","",1228.1499002570258,1184.4585229145457,1170.2223680594657,1202.8352179413464,1233.3423815285278,1158.8240653404443,1130.0324417098075,1151.678766165804,1373.4176187312744,1366.8446461017993,1552.4019901616132,1506.2732660556458,1592.457996203416,1653.287590370272,1805.0837307857562,1697.7814004177558,1722.3334138123691,1674.3429382826557,1728.8831850738268,1761.1308636695844,1692.361055719958,1713.5647769679133,1811.8049439872802,1817.7250169416081,2523.7511356947903,2396.550800102851,2198.4483404728976,2144.371762691416,2223.5715647349984,2205.3107812441717,2405.359990133883,2465.655423668934,2169.246845279367,2242.6281142364246,2335.5202910495027,2201.2491516762448,2059.641955890416,2012.7921904087013,2038.7383601141635,2077.948995399177,2094.8902125928043,2052.4996847146645,2055.226452028333,2083.1410853363473,2092.053683696692,2044.4595299470805,1966.9874346608726,1940.2421558445872,1817.7317385481692,1795.95405412458,1987.1636628791234,2005.2702241885602,1944.95108685913,2041.2857578802264,2078.7083145156034,2010.056814069771,1954.840991194883,1908.9735599666017,1904.671344642289,1964.6997014258086,2167.438679267935,2321.6742318692704,2535.562630936687,3086.171245356014,3177.155675632756,2899.979133160462,2938.0403440344435,3078.145108112849,3000.998602964545,2892.7604717209683
"png","Papua New Guinea","Papouasie-Nouvelle-Guinée","Asie","","","","","","","","","","","","","","","","","","","","","","","","","","",33.809062507842405,90.32690883557417,87.40501538650909,91.09493540828814,95.07889458462652,102.91084029841991,94.1787829285773,"","","",98.92406365499019,99.49675116799145,101.84124369984136,100.74875223711292,109.49684807165778,147.34537209431497,105.2024025046134,113.73967192865246,128.67797096158637,156.99201648354233,114.7665567065905,147.93473796261284,156.71894513973893,124.35821672941108,96.25830624029815,84.8874279546711,71.0207043276608,49.25981005769141,44.56253146224726,49.89761719027956,58.866878059550544,58.23511712786796,70.2520372099946,57.81879097612013,73.01994356113357,60.520327238623715,69.99629353457215,101.40524915253494,98.87632401528603,110.18171064442484,103.87381209855836,87.26429046756385,86.01766684893391,83.94936977779498,93.684078915646,95.32479322013612,84.92795747970113,125.09264378702628,94.72146188759162,91.51696202800431,109.45575772394234
"afg","Afghanistan","Afghanistan","Asie","","","","","","","","","","","","","","","","","","","","","",5.373185204078811,"","",6.230684717095285,6.056124323065802,6.357396321057249,8.108200122922106,8.553767158090574,"","","","","","","","","","","","","","","","","","","","","","","","","","","","","","","","","","","","","","","","","","","","","","","",""
"bgd","Bangladesh","Bangladesh","Asie","","","","","","","","","","","","","","","","","","","","","","","","",207.8750873713739,235.17132815832778,241.48670991910552,427.39668185458714,515.3669793733548,459.72614620952584,436.541792708218,459.18983341376287,485.66588916060306,561.2298764366394,715.7847029611594,703.8168731475928,647.6806177413001,706.2162253395485,758.1304509362346,833.3237564103678,911.7586127325044,906.2986794691725,923.1331234618334,1062.3320180649357,1153.6639398744928,1293.7999868905108,1330.9398995081217,1390.000415883358,1479.4191587656082,1500.5227906174978,1555.4511973187134,1624.0246596111256,1622.7399008518544,1574.328834945623,1579.2078764076803,1609.1373270716533,1631.2293893842702,1755.7749949669437,1847.741291905236,1825.572829836732,2129.8628229251035,2564.71956942384,2718.1455371683132,2859.4435537947693,2849.5266019554165,3045.745009572247,3440.693838190675,3781.4840699619126,3684.4697579463277,4056.6886737122427,4631.893390125378,4709.95705576624,4665.560781137601,4132.693351368988,3746.0990638817398,3747.4680580776035,3664.8808610178903
"ind","India","Inde","Asie","","","","","","","",3046.0474766981533,3642.8512906582987,3649.0357429136698,3368.9947292010706,3401.3804337264223,3669.4741520237935,5043.648466428934,8256.596089961564,8059.602871082507,7878.065385824977,7418.314767108146,6931.07092767919,7177.804984291333,7607.05350783033,7843.963472432319,9352.547724652068,9860.642175381246,8709.467064210821,8110.801119025269,9103.171255891204,10452.214963367798,9930.656697401175,10384.510709428207,11190.166133104423,11483.715030587999,12124.377546485723,13155.132980028191,13613.711859414709,14401.152860516975,16154.22287622909,19096.168247902508,20570.32609946865,21062.559102660252,22194.55684103433,21862.095134613683,20412.972390643852,19508.86627111349,22034.448531057653,22132.780580889626,22796.18325808706,23209.49303261198,25692.156813513702,26805.375147072296,31151.77157061564,32144.854470973834,33264.41886009477,33161.45733354912,33901.86853899471,39380.11882102672,41909.241914334,42248.80883726924,42759.178346977875,48499.60168253916,57100.74570791593,57330.363148568584,57857.23593028125,57563.620669072945,57601.722640725086,60408.33013370461,60982.254061262756,67201.65953841172,71935.62090975382,74468.86351227999,79726.14769133553,80209.72591691159,79701.31730437509,83218.2300147544,85232.52938852833,85597.0831191097,93254.677691646
"npl","Nepal","Népal","Asie","","","","","","","","","","","","","","","","","","","","","",22.522999831430397,26.1127057298316,26.595579314821354,27.14776598076385,26.98603627470482,32.57717870329764,43.08579378517321,43.602182197552025,44.2963308157169,49.315989298661435,49.919689698177095,50.48632085739204,56.32750180110392,62.803017096225936,69.40920601814396,74.43040726583726,74.01590376428219,75.04768939192583,77.53117926358067,84.41587870749161,87.94959082755919,90.18709143884448,93.69376270722265,97.67704352166275,97.08476493923057,96.00037442914899,95.49926614843498,101.1752381881801,102.67376056207482,111.01746081206055,122.06942425423573,157.8804920490064,210.17379005373084,234.29353823735238,279.7903074071283,309.37021504867124,291.1264625016718,280.230281493757,295.4458575292065,331.37839409729855,347.6484092618215,359.39016295149196,340.9432166347557,373.66649323213505,422.33179122136187,405.5834586143788,430.8887820650495,495.77972139440914,486.4382888442503,470.9950723630239,483.8182839388797,477.68882930495084,478.83574343530245,470.71782344626024,436.0380109625339,429.0173924703246
"pak","Pakistan","Pakistan","Asie","","","","","","","",629.6776042412409,522.5993570201032,542.530097748198,639.5373907556002,666.4093577959856,659.6096941569168,632.2181523239981,683.2356798121311,769.9356710329857,1243.3522477647045,1449.7769310726812,1181.0152088877767,1214.2049815647742,1320.4371332982746,1440.5335817618777,1600.9948194437648,1794.6681124251563,1676.7231939386788,1672.4917688097537,1751.109643557307,1765.554025723186,1757.8199141288237,1870.5738456055012,1978.8150450447627,2137.9518947194797,2322.8290093922315,2799.0607226692214,3123.196218577172,3356.492069990666,3654.2146702916393,3928.442409817703,4295.931531681224,4446.144888414434,4459.295284772573,4706.372269721986,5038.1541804069275,5356.949047512367,5329.573543854445,5176.4509320049265,5265.941415717429,5264.558730257925,5040.748362083341,5040.705753500112,5090.548940064858,5101.450263285062,5457.374092892594,5868.918679874994,6271.548183755253,6529.30101283077,6795.7205838519785,6908.175991867117,6956.235976491151,6558.309430021487,6758.657757790851,7067.365095278192,7450.067665840831,7900.758351615461,8171.988488458449,8595.502017809467,9336.983878710922,9656.453407419216,10584.574450878763,11837.861864175857,11693.744417985563,11503.054392699123,11993.816793923786,11195.93515875268,9777.778887589551,10303.47699398378,11479.35437960776
"lka","Sri Lanka","Sri Lanka","Asie","","",8.313352323917062,10.849394015037454,14.754839898823342,23.49340701996516,21.5379739862547,25.75337546018803,35.208268800512144,49.62413727551037,53.8030930598303,54.20295320338991,54.98040107140584,50.25422536376189,43.147755685824706,41.87472645527313,43.38682144891072,45.8817020632986,47.119775224505034,49.62521702396308,51.21180366489938,64.16533006681543,95.53317358880618,84.83239093750794,68.90829789101166,72.03099596490931,76.33694027767982,70.23420529112774,86.825921710435,106.46081837355554,122.67670876942212,113.33410074300738,100.47627693057703,91.98529211790765,161.43133677903518,181.5422608136932,647.3909943455648,565.3970008105883,723.9343368125782,500.78502266664134,386.3466211365391,525.9078267051083,717.9999809758301,804.4833870918471,861.7687055593636,1000.9850499008129,1684.805342816252,1574.2653624051702,1396.936543945262,1464.6244014176493,1319.1388459678699,1764.653707431684,1473.2014266385856,1218.8562820032337,1096.1257747040165,1221.3155311358494,1130.148960688959,1304.960238007779,1598.2077141687746,1829.6989253068398,1889.8346024696014,1761.3537443352643,1847.1520915836124,1667.5000057850934,1712.3787535185693,2007.8905714698074,2164.0743859535514,1888.3625360223948,1966.301320287959,1802.5625351337865,1822.7425368640345,1697.421393424009,1743.257419563005,1246.9245833022826,1196.4335479031406,1263.8566828764128,1362.8919016266796
"chn","China","Chine","Asie","","","","","","","","","","","","","","","","","","","","","","","","","","","","","","","","","","","","","","","","",19905.957179233752,21639.621941251564,23000.93151539146,27972.069658336968,25722.77626231373,24750.39309897849,25707.125679044744,27234.48395272314,29054.19242213676,31723.585544991474,38673.67531103788,41859.94884116564,49634.62903269097,57007.59002936875,61696.002549766774,67956.44918310986,74624.9774233132,85898.20874181419,94424.53546866345,103310.80220400917,125361.39516664106,131535.81978251814,141205.81551114112,155714.05907459068,168374.62501672705,181814.42033438323,196087.55556286048,207375.40998832564,220129.31992222846,233023.66426689958,244375.95619855542,255894.61892362384,262558.6666931823,274158.19588427496,292220.7630572531,311900.3506008155,335017.61733764654
"jpn","Japan","Japon","Asie","","","",6301.938061173577,6546.259861278867,7375.024670029348,7661.402911225929,7160.79988009469,6852.943585784146,7000.119048148792,6990.052363745883,7000.493847729909,6804.692875817163,6966.284394038222,7572.640183343223,8313.873932479426,8922.020065634648,9638.566046689743,10329.581902814989,11021.833403968838,11971.931916838885,13116.451915440199,14463.33325741763,16145.677845940194,17038.22215634242,17459.1745318799,18165.286008417934,18325.095997637218,18863.744082966805,19945.864420770675,21225.231517151627,21565.036203866606,22338.166799780003,23073.976680787702,24215.30538695298,25322.001235466825,26680.67404819022,27854.859390438924,29008.51251766378,30472.20616662092,31791.144258175984,33347.6294685347,34190.055449757754,34703.80593986375,34563.74779761404,34551.96075369039,35124.16688085399,35763.12949680789,36066.14017369464,36107.16458711287,35919.1228815239,36107.47756151206,36739.57313336978,36922.563835201065,36969.305669865425,36821.59957029822,36755.01661014867,36286.65036376993,35814.99236231338,35470.3077707003,36134.76884939812,36264.16896380361,36754.33899347708,36308.7536426215,36158.6046754204,36545.71958914107,37187.77752622884,36966.80955852647,36722.26422454479,38570.81534118379,39667.909725316684,39327.854535661514,42277.055468831044,39765.99841991946,45863.39069355101,54245.06955499921,59493.139691711214
"prk","North Korea","République populaire démocratique de Corée","Asie","","","","","","","","","","","","","","","","","","","","","","","","","","","","","","","","","","","","","","","","","","","","","","","","","","","","","","","","","","","","","","","","","","","","","","","","","","","","",""
"kor","South Korea","République de Corée","Asie","","","","",185.38715255130273,465.0489490380391,515.4876640503857,738.8607394645834,635.1179448572822,749.7477750214289,795.4750313840484,771.4413864401479,804.3322719959928,933.1897814506478,771.4281703098228,729.5495688455411,766.4893565439269,1384.2105430641043,1538.914321454812,1813.1309667705934,2090.3653813386036,2161.0371209266305,2539.961226890786,2971.119555486598,2988.7254284905753,3822.7713834231977,4412.267594802225,6342.188203469561,7538.552080102307,9389.73389581825,8818.897841984706,9661.110066145144,10010.012700298641,10435.180953796174,10862.246545248532,11137.101795210745,12040.085982114446,12945.056831532876,13297.948981411202,14126.944195151158,15023.942145065346,15573.769059025975,15998.84586085925,16982.728969109186,17765.418897876567,18279.3469472087,19982.54780767881,20263.516991197455,20762.159806498148,20037.196268502896,19499.69098714047,20699.450609974403,21291.47029548894,21878.263836637478,22622.076246595152,23615.88553995302,25541.273687612324,26461.661887906204,27660.210307759688,29469.616269173537,31322.399353184417,31582.655766347387,32015.384806542257,32830.55889184699,33825.12569806776,35155.72746533204,36521.42722314347,37436.507458776396,38125.158261634235,40058.69816990914,43285.760195326126,45563.29257418769,47547.95306292293,46550.17321693337,46841.23734050161,47604.58421197396,48848.00445853634
"mng","Mongolia","Mongolie","Asie","","","","","","","","","","","","","","","","","","","","","","","","","","","","","","","","","","","","","","","","","",149.7743074490626,101.82841253378199,44.92223838431325,42.738386937943446,37.173168634208075,52.429468020242865,44.303168712832885,40.42942472429036,41.93468094135948,42.8630521467874,54.48963209159663,49.81501364746333,54.58752775322886,51.60617440042313,56.20794284089129,54.44984361855925,66.69492628507435,87.11137633186173,80.02613670007739,51.70616199791935,64.6416222332276,88.34716099544264,108.06533747637076,99.973439017353,107.93689010109732,107.07874128576363,109.6402087213703,108.54511334336209,103.74210578733734,111.03674902375515,114.9308586057996,110.24384668228195,97.50463632762646,121.03148889999837,179.44687791700474,213.76499377831186
"twn","Taiwan","Taiwan","Asie","","","","","","","","","","","","","","","","","","","","","","","","","","","",4751.312644805235,5770.654163980189,6621.8690216414425,7860.082856159569,7925.747794074658,7366.252772600226,8079.138582514544,8087.706739705645,8149.0012308672995,9104.950813050968,9451.656958974554,9607.01378760389,10692.06398208639,11726.682457781511,12372.161276506764,12730.572813172155,12870.170611891073,14590.109354745528,14413.78314628895,13356.71272473774,13779.055077138099,13721.06568531951,12834.879614702972,12812.35476819762,11262.924523092006,11058.399993464745,10694.1359797972,10592.51632055138,10611.330592462782,10209.386180103322,9794.125310389918,10364.021533224923,10552.444348587538,11365.571576722548,10741.643441817652,10844.702703531462,11226.22753117199,10602.168102792024,10540.795242511567,11109.42137015113,10918.255734282819,11104.914930095221,10881.442861506777,11603.085329583333,12131.302053643061,13061.40495121356,14827.093599992999,16202.20410973305,15232.751881853545,17340.986170147284
"brn","Brunei","Brunéi Darussalam","Asie","","","","","","","","","","","","","","","","","","","","","","","","","","","","","","","","","","","",234.13957577819886,246.57761946769384,259.5766845113435,235.14251639625724,379.1864966253844,378.4751545368284,427.71504218357114,426.0029924215751,406.73260016853516,359.6944839209775,371.4812882546698,354.946424088151,397.8368902449179,462.95022918264544,417.4841352353346,373.21388566545704,353.22463679200337,325.27692771002353,345.7925816881636,360.9321532582041,284.55603789513685,345.06804304792706,388.2323746709355,401.6234686128167,414.4247054352184,406.7782874622375,424.4530862511106,415.71337969070964,408.4145462599215,408.17695120021676,530.4977212437847,464.7559863562803,445.5737540209317,388.4918176338167,386.69374958053055,455.1262879631246,475.1206629531022,472.57207736849665,449.5597170439046,449.84651622057595,560.2667337424988,""
"khm","Cambodia","Cambodge","Asie","","","","","","","","","","","","","","","","","","","","","","","","","","","","","","","","","","","","","",2.3205505626934704,2.105139186030877,3.1745205183260556,5.824139754245442,13.541148833061898,31.56708065535291,70.60334700223036,101.46900539107583,223.37228359663817,248.84219368385587,229.3872676318625,217.2509888288788,193.76592724486395,200.47649807541904,187.3044383065898,168.00620047000143,154.08050412221274,160.60437436679527,159.52056378876026,156.29645407899022,158.37469946732483,149.96372056091525,126.31092595839918,215.8599155331105,257.89006528113987,271.4370277038761,296.33372287761756,322.0660178105423,354.95818102618733,413.3056621696415,470.5936320732116,547.3053554862028,632.3280458913745,681.8049228889489,695.2935103288062,683.3385402347734,639.4984003037441,679.6391012503702,720.5829460204235,716.297207827979
"idn","Indonesia","Indonésie","Asie","","","","","","","","","","","","","","","","","","","","","","","","","",1335.9643030824293,1709.843888174046,1710.0723827534775,1773.6262629475102,1936.6711003496873,2239.4001743629274,2600.8122756189796,2930.5702461304377,2894.282393991933,2658.359280880829,2655.930880309639,2636.9140615950787,2595.2476177916424,2364.8125928701124,2259.6608694375213,2316.508721074394,2561.3611474960517,2604.9966876294775,2804.76896455264,2692.6809539034757,2976.0363261201474,3132.1362811667805,3504.5628703641232,4606.075595061862,3011.7606675792267,2288.494132142654,2354.60577707385,2093.382068269585,2530.3857147518934,3402.490779853531,3803.997266150899,3303.9273529741045,3354.91719848057,4034.365751791962,3748.3037463983374,3932.591658969955,4618.56410360582,5294.8117501132,6079.397706793479,8173.465130498734,7201.329277549601,8374.348497971088,7815.189129065318,9009.553316140025,7921.135813104917,8313.03566579007,9678.012538730474,8764.605569927142,10050.895761970305,11055.512315834692,12012.3945130024,15329.50803356934
"lao","Laos","République démocratique populaire lao","Asie","","","","","","","","","","","","","","","","","","","","","","","","","","","","","","","","","","","","","","","","","","","",233.7429483121388,231.51846902426763,234.3141297011475,196.21872223341057,150.30716488724983,137.8663155815503,93.97332342025547,41.43104470060815,32.8040686091918,31.664491077970997,29.23167969180247,25.619282530851,24.248820024182585,23.7058513109254,23.776415725704144,23.75941935478671,22.03660563623922,18.408849540741496,18.511866628899124,20.71357519358758,21.185979117693673,21.81048826969645,"","","","","","","","","","","",""
"mys","Malaysia","Malaisie","Asie","","","","","","","","",252.82128642097436,265.831132109426,231.66412394208047,213.8135206628095,177.36298086174486,182.62240932849681,245.85598810098722,343.73298137737135,482.26538999175904,598.6969724126599,552.3698545260738,572.1491532694788,556.78342619671,759.1704805130602,851.0561956214085,838.6299585565282,776.7403660255254,872.9518367162036,921.9762721447935,951.9612791997789,1275.7459501135938,1089.5325175963526,1273.9022243155146,1580.3414707297231,2129.2823469244113,2027.8908324781987,1813.9923713237033,1672.5466263658598,1493.1153493390864,1279.3176619956353,1858.7110707905338,1207.71327974626,1447.2357995153811,1554.3610259285629,2115.964020118567,2102.3751045612717,2234.0693789109932,2420.9490404683556,2574.0078533429023,2475.048684186911,2326.1565511662197,1709.630153876039,2312.9689807411037,2099.7819156188284,2612.403733297911,2968.4911783844054,3781.1144600354,3652.543698888978,3907.075390857074,3823.306844527404,4269.040743263946,4365.561761228444,4121.123878474526,3602.883951535784,4038.8292690549215,3851.8340518536297,4197.031768370361,4229.6558659524635,4554.157119104094,4360.087775592122,3663.7929511825987,3343.0542899006314,3229.0537665359498,3426.960902732506,3589.43787520795,3686.1759697214698,3976.681444169949,4377.622927886969,4546.121754978808
"mmr","Myanmar","Myanmar","Asie","","",158.5395508287362,245.4217675992159,349.5475448364734,438.06862264271626,385.36492296556486,386.25277542809795,396.09393691752126,435.6613874242644,472.0263707013863,456.13159114361093,436.9206018150731,470.4701339202447,534.7005981057441,524.2665191693995,487.898112225654,382.3224002239379,366.87481919210654,367.32010724387345,420.06291247043333,469.5902479850353,478.9273701417428,467.5804664308872,438.8491530385037,362.7242816940031,313.84367036745726,301.0734596912442,350.2662603685669,388.53412057467017,370.6263669468288,387.216920216287,433.02097738850495,417.93388524621616,401.6906768825498,392.4524792326667,391.00400026789475,364.5140413701755,232.94700341848753,241.8164193256989,429.66140958963047,510.9043605171561,443.4262362990102,513.7007705437574,591.273870706939,628.3472532884381,668.0331590072851,713.3417649515263,593.1832119378275,488.8739737846743,484.1926748755162,652.9613248630932,585.2231877060798,426.18599030267666,634.1366437171513,708.072005882037,716.1716184118692,"","","","","","",2969.2360763158836,3264.971488686671,3288.2627521385375,3816.696153020222,3650.545650663572,3464.454522822447,2356.6759419764567,2279.5594080520304,3329.5416719305717,3701.8087198540934,3311.435039565868,2876.198577685416,4651.882575431662,""
"phl","Philippines","Philippines","Asie","","","","","","","","","",599.9173148281081,619.6337745017281,615.8985887872728,631.7379496665075,709.6597479445894,801.2355398507581,735.6046398311454,713.2953187750965,794.810321776877,883.6365279142948,1025.6715740990899,1237.378963045956,1341.9893613429206,1252.703186068339,1461.7998720694156,1947.8560843550592,2525.5794703693105,"",3254.4100601437017,3109.956820144687,2379.6905137654326,2847.01923079469,2466.517242488861,2562.5790742886497,2468.1419288382576,2421.247710207464,1552.9292187523074,1668.1519978352994,1760.7839448829027,1875.4456342761473,2412.292153179784,2270.129352358097,2255.149005578423,2051.4012284301125,2070.8971222515406,2242.8857156198933,2349.0292292447284,2614.139668431439,2740.639974438276,2447.558360578722,2417.056001387446,2386.3509186599167,2521.3009318925474,2378.1105419179153,2503.619523897671,2789.934186954829,2628.808432964935,2678.603907203549,2769.6872088750133,3033.778545006551,3034.233388672924,2917.937525565983,3065.162447914707,3113.981292201973,3161.9275898435753,3609.453941038373,3348.522007361274,3664.4198146945364,3772.72411010103,4483.027274132737,4761.790074586898,4747.439785876086,4889.779723726297,5517.1639001984995,5536.057823448936,5153.553759979595,5493.422960788397,6299.694350337198
"sgp","Singapore","Singapour","Asie","","","","","","","","","","","","","","","","","","","","","",1029.2182682361572,1245.726229993361,1317.929295519374,1275.8564143031351,1174.3661004272603,1327.878981645528,1603.960560585515,1907.1209641536886,1866.0215568054878,1850.8139685047408,2080.0374112149757,2306.704082684303,2437.6976735218364,2361.232679531387,2911.7316493497106,3415.048255772871,3334.443297466643,3306.26940353084,3565.9795100976976,3949.450495227966,4532.375158962566,4688.853374819425,4984.615551678052,5143.072170329657,5315.6336849396985,6367.1897517608495,6974.917954055799,7827.558120688139,8864.272713363764,9029.975091165235,8733.499484782838,8942.325590459852,9427.772615871883,9520.693564978908,9700.682639122573,10304.953383509855,10397.525971698498,10797.958163196901,10871.016212341921,11234.569199969259,11017.930054397972,10625.158187485571,10376.806626199197,10342.52923165164,10643.921376983624,11352.482390110954,12069.910735806561,12391.182261002208,12500.00106216376,12355.710919247984,11790.268241793252,12614.736488165685,13284.162808176352,14377.237503331211,15325.841295183014,16900.53203519825
"tha","Thailand","Thaïlande","Asie","","","","","","","","",538.9185463067745,477.9415524998945,490.4090813814117,456.9390605273909,395.53198465752814,517.0317226780344,549.177574527854,563.9722685707226,608.4177709385859,654.7621934461852,751.45238766313,903.5509081351248,1054.5435138921514,1239.9611606100873,1492.0721475802209,1539.3408842928495,1443.777050976561,1345.0898057406928,1460.3256256879686,1794.5033093482384,2159.403619368363,2728.1062953910905,3172.638895033702,3043.9743724898144,2968.5556938524405,3165.4124595250114,3204.3106504916996,3503.987790882166,3769.9144224316424,3597.878800253382,3566.679364327652,3596.069587413458,3718.9103511512767,3991.5548513237536,4419.5047050378535,4815.31235325234,4951.325358783714,5356.499529508035,5345.082408338213,5257.343759116661,5106.873538890111,4030.5660343480354,3581.5944172137874,3419.748302189303,3408.8434758704357,3394.476409051804,3388.710074497412,3322.3884021511954,3041.3479756600987,3089.3977373475336,3502.011411759235,4364.623119813461,5385.863551182552,5769.841877840313,5310.829049350158,5511.550837333134,5477.305223736286,5709.772561969404,5913.507423516728,6226.998544641395,6561.164894367438,6710.5043979905,6877.587293497527,7126.915581250103,7014.386215859657,6143.6555613783785,5740.54499301766,5519.714389471606,5565.859945851899
"tls","Timor-Leste","Timor-Leste","Asie","","","","","","","","","","","","","","","","","","","","","","","","","","","","","","","","","","","","","","","","","","","","","","","","","","","","","","","","",19.95580510365519,39.90486250888635,50.20106287795951,45.8659952788002,70.27637558033867,47.61378165396132,32.63648978330549,47.474663051229854,40.59053296750392,37.63320931814302,46.64988832573061,33.584912037036936,32.42254703624729,25.67572286143065,42.44816252374258,47.21912663324838,46.44227941992214,49.03317499814829,56.24785259562831,43.423,47.49527600700525
"vnm","Vietnam","Viet Nam","Asie","","","","","","","","","","","","","","","","","","","","","","","","","","","","","","","","","","","","","","",883.6541483131372,1431.965709943495,1890.4961342935562,2253.3512230816746,1602.6549962841623,1011.4589769894573,792.6452527328845,1080.9352140910266,"","","","","","","","",1997.6227177174098,2045.5804470836526,2134.173962165874,2512.2567799512326,3236.669186901957,3060.804527649282,4231.969889976406,3956.1808906869082,4110.131858879208,5984.873001950213,6575.480216224157,6506.644417450528,7202.149510594707,7341.190150274728,7320.981574072363,7689.870309848795,8029.805552646055,7728.869598429475,7961.265175613994,7308.41626615026,8116.102008114077,8590.398540747652,10914.302310079323
"kaz","Kazakhstan","Kazakhstan","Asie","","","","","","","","","","","","","","","","","","","","","","","","","","","","","","","","","","","","","","","","","","","","",1043.7738439390146,668.6199955018799,690.0343895628151,744.9008144747579,696.3717204106192,691.4105245519958,577.9606957151362,605.6572478431244,890.5014105451672,976.012522006798,1155.3406490766852,1320.146118590124,1663.9896450779186,1945.4907004340487,2925.0648290220756,2777.4553680693775,2619.411882378277,2877.0421017673766,3170.6572103300664,3700.0533266992306,4174.43527697117,4160.516075074906,4281.289045625236,3618.237462607561,3474.1558711396747,3736.9079384806264,4875.137476117452,2123.0676067660042,2111.7451496926137,1431.1191534187428,1234.6183871052074,1167.6839832609217,1306.3078581676507
"kgz","Kyrgyzstan","Kirghizistan","Asie","","","","","","","","","","","","","","","","","","","","","","","","","","","","","","","","","","","","","","","","","","","",97.8413464599949,55.55110113251502,75.00542457630613,93.91982357313033,89.13262941564416,98.62491784454231,85.24783064121785,89.30159778165563,108.15112979743749,93.14194800222347,108.1669437114029,122.8624994827995,131.95200727363564,146.123610799129,160.76496734945607,175.461649378138,177.36462303244235,194.29093997533653,238.65306623905857,234.65661902074575,233.9100324055164,250.20931521096912,277.16272048760675,285.8641989470615,305.2547029463449,305.9292714089178,315.42852563644936,320.65052974988527,338.11410894592444,338.00190230083547,395.58158952869593,511.52024188121067,511.26207870020585,557.8181971915409
"tjk","Tajikistan","Tadjikistan","Asie","","","","","","","","","","","","","","","","","","","","","","","","","","","","","","","","","","","","","","","","","","","",40.8592816024689,145.6686137146328,46.206002871105476,13.307256405552632,14.316679793733348,20.518334724396873,23.492962555858302,19.651402477061023,16.982876624646043,16.86049840375768,35.911839588571,46.492222916313345,54.56541033866305,"","","",45.58838453484072,46.86051980064304,52.6223418322024,65.39975940013005,67.90660170196108,"",86.80795944513372,98.95153866474038,99.66039826810396,93.7692815563411,100.67654951347643,98.8658931650396,91.8842958887564,107.3597135802112,222.0102370297092,296.2481387352276,184.08273846222812,219.76538422691675
"tkm","Turkmenistan","Turkménistan","Asie","","","","","","","","","","","","","","","","","","","","","","","","","","","","","","","","","","","","","","","","","","","","","",157.96165124164105,140.843529879304,135.54888014044153,205.1857827867693,173.97651714129643,188.1813179654352,"","","","","","","","","","","","","","","","","","","","","","","","","",""
"uzb","Uzbekistan","Ouzbékistan","Asie","","","","","","","","","","","","","","","","","","","","","","","","","","","","","","","","","","","","","","","","","","","","","",31.435704147225014,26.30390633423753,35.137114379303725,40.83256705360847,"",62.39535262255518,53.689402045683515,46.263116829923796,39.3691385583667,41.66079835066953,"","","","","","","","","","","","","","",1772.2248215365814,"","","","","","",""
"alb","Albania","Albanie","Europe","","","","","","","","","","","","","","","","","","","","","","","","","","","","","","","","","","","","","","","","",387.20207079465547,397.92217002946654,281.3297606084541,215.10422823459487,196.89230346033418,188.20481207927574,175.378458635761,157.49233717790224,109.96483589254755,103.97218231524847,120.41164577964433,133.19589098257165,151.3360999371469,154.8156543591251,170.72619393449784,185.53155553289946,192.20512449331085,236.08149277800132,292.09338255985125,344.2121379245613,272.43478637227355,292.69812913449164,291.09799013658164,284.4722333029948,267.8611744433541,260.36446766294586,226.7923150302467,218.25607456694976,226.50728289594997,245.18517867029087,275.8221560020955,267.38809510435317,283.19832081694244,297.27629652848174,441.9074930642514,535.2256863657517,568.1038905167849
"bih","Bosnia and Herzegovina","Bosnie-Herzégovine","Europe","","","","","","","","","","","","","","","","","","","","","","","","","","","","","","","","","","","","","","","","","","","","","","","","","","","","","",443.155934534894,308.44815675374366,276.56400166533143,230.88646092649367,221.98238700447806,219.19219885317725,228.02528372410066,250.85491218679738,233.9747525531299,207.16328045576404,204.5626499209569,198.41426768312675,193.02538655464372,198.80799516381475,197.214598478648,189.93480285598082,196.9360699243687,198.42536328661012,199.4229599263048,236.10044466032755,204.78746783740155,220.6818782086856,216.03776945090792,213.42292076207326
"bgr","Bulgaria","Bulgarie","Europe","","","","","","","","","","","","","","","","","","","","","","","","","","","","","","","","","","","","","","","","",5240.89450445088,4233.360773184096,2291.74914281271,1731.7373003335636,1308.7591643134006,1121.1227798880989,1103.7383162937772,905.5634643732982,845.5289494279463,977.7250762803759,1108.685200524537,1142.8880724237183,1265.73325406016,1277.1480523868147,1299.2301731213777,1214.0589602606403,1242.0919033955972,1229.6201182588152,1438.2148556843163,1404.9816722224832,1120.810630995384,1057.1671485180416,879.1137760114771,880.3187488975565,949.565471051298,887.5207466264159,899.737389394159,963.8704808065027,999.34480804165,1233.7661586316935,2832.691213751291,1418.537043829857,1508.4301151409236,1657.1454549449682,2041.1763363518007,2192.66989642346,2395.9751353799224
"hrv","Croatia","Croatie","Europe","","","","","","","","","","","","","","","","","","","","","","","","","","","","","","","","","","","","","","","","","","","",2348.9570254436185,2983.112676982458,3352.444727786439,3565.5844290163454,3341.759557945475,3371.33028248143,2599.232735608642,2027.0286388783422,1436.3853177893286,1330.7127254637996,1439.5979105042718,1165.053171060253,1058.498877792782,1104.4442697026461,1116.332933830087,1148.8251579607077,1319.0450055314975,1201.875815164079,1113.6988948778273,1152.7897552110264,1053.6821455353065,1006.9427347254583,1129.9398730034216,1124.813461677086,1069.809415310164,1136.6075760504812,1110.2943232259388,1204.5613126477065,1176.049289945844,1532.1301942753253,1465.6199922320886,1452.4717536088358,1730.7363634200215,1930.161404071397
"cze","Czech Republic","Tchéquie","Europe","","","","","","","","","","","","","","","","","","","","","","","","","","","","","","","","","","","","","","","","","","","","",3564.1141668902906,3681.620198900899,3530.632725568405,3502.738182871241,3312.111314217552,3595.1107044573396,3898.1853822692224,4025.0293859306416,3872.215322326004,4133.330602110999,4488.7328505467785,4309.641373532892,4711.87152073222,4352.7300898740805,4200.673547673221,3581.405187040727,3687.34057342146,3345.0614416852195,3012.4066598702443,2895.7934343004754,2761.423446860445,2747.83429564319,2856.332108023246,3096.123504186205,3092.218803101969,3702.442604732621,4112.948776734407,4336.460606786636,4773.654433330855,4433.652493171922,4442.822167653194,6511.697690612423,6488.252141286018
"csk","Czechoslovakia","Tchécoslovaquie","Europe","","","","","","","",3606.3306656249606,3764.616730062154,3598.8838465046647,3649.683142685091,4011.977502521152,4631.726947399527,4753.684826171835,4516.547312007786,4270.198509720639,4249.124953052715,4563.098395714442,5088.841575282899,5347.955368868671,5570.285252309962,5679.3164073417465,6084.857212031706,6455.32284744887,7967.8027161582295,8164.840132548289,8776.536401425405,8682.985641322954,8979.433505300936,9145.822973640365,9061.022576691525,9432.586231194568,9438.634778247906,9558.072028916016,9733.016809185776,10024.303940078968,10588.021353586088,10500.403484299568,10562.530451511546,10815.145659817206,15973.14989198917,13934.254625450503,9140.085643236347,9271.615436894996,"","","","","","","","","","","","","","","","","","","","","","","","","","","","","","","","",""
"est","Estonia","Estonie","Europe","","","","","","","","","","","","","","","","","","","","","","","","","","","","","","","","","","","","","","","","","","","",69.4013385941257,93.4693593156143,118.91316587153992,117.82621617660404,114.6320997479244,152.99019483512348,161.96904712558987,201.39729028918458,237.52529847006144,277.16393562127257,330.9317544949615,382.5126285684743,403.4761937232683,386.446116758016,423.55414101739206,573.6327243376278,561.5557380543939,486.5335449737262,465.8394465361065,495.6695604556084,579.1059149447294,598.2397663864772,640.3490045830047,696.8657839090001,749.1005611901394,771.0280852832628,810.7730750213746,865.7545426481155,962.848459363739,924.4187081743693,951.5828422720174,1281.8363596316453,1424.4126968750015,1439.067935557106
"ddr","Democratic Republic of Germany","République démocratique d'Allemagne","Europe","","","","","","","","","","","",668.000725216265,667.4034071311239,1770.7698148872446,1824.4831659388242,1883.3978192926452,2002.2102213933717,2057.827171987632,2342.895219203953,3117.336717675904,3402.776389796217,3748.6825305339753,4012.1936943555397,4256.065444935323,4676.139537207338,5034.695577593804,5430.682870213541,5770.100549601887,6229.267258516471,6575.031844554748,6837.667831160797,7373.7338977165555,7976.060033898725,8425.415528766258,8930.940460492235,9526.898185560301,10159.959898644565,10925.232211559241,11750.106923569401,12171.822011509155,12458.582660768443,"","","","","","","","","","","","","","","","","","","","","","","","","","","","","","","","","","","",""
"hun","Hungary","Hongrie","Europe","","","","","","","","","","","","","","","","","","","","","","","",2844.2227530950213,2772.5120528564858,3040.2631785937288,3273.41164713138,3072.1278021135836,3198.2889114470163,3623.4808344177413,3602.110969747713,3594.3279083495922,3710.2973050083083,3667.0933049385735,3747.1683147284034,3552.62395703836,5540.536354208327,3593.367124495519,3645.4205642251254,4214.07997309127,3338.9857656445106,2888.8461063684913,2169.778022239914,2096.1528872337344,1805.5059013961586,1787.6976167990024,1346.442509626071,1266.2619120059342,1557.462415119042,1391.6416338249232,1590.5074598621222,1755.2333447590963,1927.9094106058008,2105.3252352797736,2272.353790615262,2104.072684112464,2082.8504462795163,1866.387314256744,1900.9392913258298,1766.6873108795062,1574.7078279286113,1412.6469899589881,1432.1626156829925,1363.2534644448453,1289.1146851036021,1269.7684542769935,1428.2907347022401,1631.6201217209596,2059.8185050489606,1864.8876918127978,2631.778634809634,3410.3296722060236,2781.4990001897586,4028.6513093455565,4364.081478459954,4732.68083923351,4620.976637544545
"ksv","Kosovo","Kosovo","Europe","","","","","","","","","","","","","","","","","","","","","","","","","","","","","","","","","","","","","","","","","","","","","","","","","","","","","","","","","","","",1.0066536507799213,31.938253437102713,45.869876478049974,53.79164072957552,48.348015817319336,51.49145248263576,56.566425856343194,63.47557031929519,65.9589825700206,70.62985193139899,73.49644726619522,78.27794748982576,92.21740196143504,86.70323290256238,118.08985855751689,135.59349149025277,165.6572483617189,217.2965572259055
"lva","Latvia","Lettonie","Europe","","","","","","","","","","","","","","","","","","","","","","","","","","","","","","","","","","","","","","","","","","","","",115.96716738372668,135.50328606461883,131.30929073460737,102.08757936450176,98.86690779865457,106.51464982563037,138.4446790689125,172.94792102812707,217.08532980862012,354.9272840150725,409.47804332765793,442.01114450783956,514.3555651388074,646.597755783862,704.8637491742484,690.6071140141522,438.59962646030976,332.0908061762504,343.6710064630384,315.921158904587,339.19920455455815,351.78491677720234,401.58817441653787,578.8026812143637,657.2425880140755,895.9048535216273,896.0548204802316,941.8391689024743,975.003798099968,972.0428054677682,1272.0230910618036,1440.6484039062514,1601.2458701565417
"ltu","Lithuania","Lituanie","Europe","","","","","","","","","","","","","","","","","","","","","","","","","","","","","","","","","","","","","","","","","","","","",218.66107531823,117.94501588618522,122.79299822136751,136.7283039974221,224.67855476764026,390.7846458355537,298.88588843399054,390.37728441824146,457.7323431743357,456.310650262518,446.3294436051115,514.896674519663,561.3026804256118,621.2562493877533,677.2856993664277,698.4802570042664,526.9550705876774,439.876570797603,424.66415977559797,425.32934987927246,440.0877138273911,529.1773175814396,705.020873744002,944.8566398663188,1147.477750526635,1381.6150306319569,1473.7929201479812,1535.3205657125043,1573.4237553585713,2053.1078227258986,2281.636760465085,2688.6330843750025,2734.782851447736
"mkd","North Macedonia","Ex-République yougoslave de Macédoine","Europe","","","","","","","","","","","","","","","","","","","","","","","","","","","","","","","","","","","","","","","","","","","","","","","",188.62959888124604,148.42632705494884,152.5520030149961,135.38338248002546,155.0595047019185,493.1474025552581,214.15224358629925,195.2953477990364,208.36630587775116,194.13294501602235,184.79050477684774,213.6986941871267,196.10187667882508,191.29635109028558,162.7281127156058,151.81392636435584,143.4225465511367,143.21360439919886,141.11007169344592,136.282361182688,138.85294493696426,135.39914124705558,146.34848929699695,197.32728104932934,186.3300516593483,232.3845546158957,241.60969586568172,290.45661274900584,299.5289474316589,346.09465844621093
"mne","Montenegro","Monténégro","Europe","","","","","","","","","","","","","","","","","","","","","","","","","","","","","","","","","","","","","","","","","","","","","","","","","","","","","","","","",97.38709124014511,96.1678939295304,86.96932175686993,99.06158089077688,90.96357122795284,92.82743728596432,90.3645966605929,80.08171515053668,72.60245846457694,76.23363876502358,75.64463297901656,82.51303195840495,84.6125077793056,89.86962813486818,92.64656289383927,102.28026838053277,105.80344084613488,113.4636128167174,118.29222157283529,150.12617101562515,162.7793516500719
"pol","Poland","Pologne","Europe","","","","","","","","","","","","","","","","","","","","","",6534.9967215382685,6975.702670025461,7020.546718048957,7480.520787195216,7558.447505334027,8051.340150179061,8375.227291981297,8910.35667602877,8542.589915132952,8582.440005261682,8104.682802106002,8192.670872911533,9033.033247602289,8035.135712320406,9075.877003016996,9784.558421521257,10154.142759463308,9869.344587441012,10203.988527311916,8290.743185533855,8612.208832650012,6064.106518637245,5875.4702245444505,6439.140044038025,6428.400596196988,6468.593171802765,6807.13256234224,7459.445164561639,7746.8978107456105,7627.374095454804,7413.673672304657,7645.56230200914,7776.907119050725,8092.0611228965445,8476.045922086101,9053.846216918033,9624.694983624631,10872.314157005221,9889.113302257656,10430.981162294704,10928.905099390076,11081.729981444774,11178.581708201713,11088.070185162876,12336.045696801055,14680.596397481584,13867.437806554057,14180.760097290049,16062.144211178032,16332.619435293149,18691.61958106226,19634.29544105729,19877.365738364806,28998.08189623385,34459.54941866553,42528.14095716988
"rou","Romania","Roumanie","Europe","","","","","","","","","","","","","","","","","","","","","","","","","","","","","","","",5287.726471943477,5338.270916160584,4808.202257576053,4944.283453545187,5041.484307808854,11385.460062750843,12078.826156498333,9893.541294845621,10778.815848435193,11478.66127255668,5055.717688182589,5243.856026893184,4102.01926766817,2476.323541514365,2953.0023811711076,2879.3207774041553,2798.189131611636,3137.4384870166755,2849.517259154084,2571.624997769096,2447.818795046909,2567.1719264662593,2553.3250496284645,2633.7683495465994,2832.2549136022512,2995.1373932733595,3087.657095242869,2960.9288321463296,3263.2797455622836,2774.730948289209,2555.5148165065875,2643.575991932024,2571.6343325768867,2767.6043410151865,3024.351312255657,3488.891057420304,3681.1000248600863,4994.717904652899,5555.056360059279,6080.813432021926,6504.460649029589,6362.625789644692,6172.008960514879,5915.662568196607,8315.37227825047,8805.836225933592
"srb","Serbia","Serbie","Europe","","","","","","","","","","","","","","","","","","","","","","","","","","","","","","","","","","","","","","","","","","","","","","","",1449.4659943694921,1608.7782804641513,1472.641089299062,1380.2816228031738,1997.0242778738836,1590.0965177427233,1758.8054199926144,1541.1858600400724,1423.890007699293,1193.3325868486302,1204.063724182917,1357.625433800972,1317.302701632819,1295.0965822180656,1256.5250191314622,1206.8224196991819,1182.2884594110133,1145.1657395448115,1147.5219265711173,1061.8452520721705,1202.8674622678072,1161.3902817912324,1398.1396045427678,1592.1072233043549,1676.2770204985543,2184.457449051171,1761.5101784562391,1883.3801679293808,2403.5567975273643,2554.013503068509
"svk","Slovakia","Slovaquie","Europe","","","","","","","","","","","","","","","","","","","","","","","","","","","","","","","","","","","","","","","","","","","","",1295.7128251179627,1337.3899879190708,2368.5126560116773,2353.844788246283,1893.5527808323784,1480.9446065703987,1293.8578497282451,1344.8529285483717,1514.8245738705557,1537.8751707664212,1631.086577431416,1515.2129320744507,1642.026100406191,1665.561239679458,1684.746190639776,1726.595338371054,1649.9260624018318,1444.2915384575715,1239.3509915517168,1239.9401252312616,1122.7104276554826,1159.0147860827249,1374.6356732839297,1409.7996685799872,1434.5017126619675,1629.7988351419247,2341.5973979963546,2470.71301385525,2326.6449356232306,2415.434114933375,2372.6897660000905,2786.5180214308907,2871.1063695995067
"svn","Slovenia","Slovénie","Europe","","","","","","","","","","","","","","","","","","","","","","","","","","","","","","","","","","","","","","","","","","","",567.3107029336225,486.81034775531236,472.84567564916483,539.2858942028909,552.7900816297848,530.3425343174242,529.6050548677731,498.17822212962733,453.3773655067287,556.7588602604844,617.424062663953,643.0459310179564,682.038386130003,695.2628005947244,796.5197944813578,801.2681831438246,848.5348370294196,854.6401911506184,851.0506225284801,686.6983433739856,591.2367105704915,524.1782910521887,502.30368036643046,497.9520823147462,559.9777071944943,573.986919996131,599.3532769417624,672.6823497234312,662.9235654632765,832.4261735185846,873.957091575391,929.2678598025967,980.6256088321245,1143.8572365350356
"yug","Yugoslavia","Yougoslavie","Europe","","","","","","","","","","","","","","","","","","","","","","","","","","","","","","","","","","","","","","","","","","","","","","","","","","","","","","","","","","","","","","","","","","","","","","","","","","","","",""
"arm","Armenia","Arménie","Asie","","","","","","","","","","","","","","","","","","","","","","","","","","","","","","","","","","","","","","","","","","","",208.17724717575763,76.7794713463327,"",189.7417875766935,163.64584554513084,208.0833608386734,205.25280795808374,220.88690503830847,223.90649013853232,217.41267137749105,215.03270863130058,247.63180013183364,273.2444114928186,334.2971579326776,394.9106918614995,462.90425915608597,537.2514147426767,560.022339781406,585.081226118299,536.1386464585582,548.9763002191974,618.0346196203915,627.5328781036097,679.3022247966825,667.8953423542397,683.6557848582629,771.6843840890878,961.3326378057768,933.8812143225218,883.0965228915035,903.5035230132543,1328.961026021019,1418.26445649683,1645.8072588418968
"aze","Azerbaijan","Azerbaïdjan","Asie","","","","","","","","","","","","","","","","","","","","","","","","","","","","","","","","","","","","","","","","","","","",399.51585503215273,420.2274736783127,212.31227224814913,175.56676573829247,154.58822931174345,177.6714949165595,202.4745155438326,264.279560532956,280.28759069022635,316.3443116947435,340.6710760500961,425.3305650759032,515.5956395911592,603.9536358158201,1241.0426135384341,1348.1238935168608,1814.7809311795272,1603.0236377585068,1517.8825635115109,2887.626488632953,2995.5063395837483,3030.257497989216,3041.5581068350402,3231.9921106554984,2155.6188554933774,2262.6350188018823,2380.585182074546,2572.558237284099,3021.283655356692,3422.074042599468,3325.790504954723,3640.4608637741135,3777.088235294118,4672.660177948972
"blr","Belarus","Biélorussie","Europe","","","","","","","","","","","","","","","","","","","","","","","","","","","","","","","","","","","","","","","","","","","",241.90141799843263,343.72579936284365,345.1899819887009,136.2051989587873,104.5502472715403,171.11397716682717,160.13588563846858,160.25447034920631,177.466323150347,221.11013383035535,229.86004933888526,232.33695987761448,281.1993159851317,365.94897259767123,475.3167149679449,518.6099714105085,531.4702960860016,470.5539932241599,529.3988840068954,568.4530344866463,638.7952241478952,683.6329359730179,570.3373821307168,611.9993798646709,773.5047065331464,731.7871472774696,904.7875265906857,856.8942039352204,906.5847148174508,951.9911719813539,1079.6072256925538,1369.5228985790486,1503.7220537912401,1827.6456805463927
"geo","Georgia","Géorgie","Asie","","","","","","","","","","","","","","","","","","","","","","","","","","","","","","","","","","","","","","","","","","","","","","","",140.6204969133779,87.6959152127363,84.67569587667471,65.19351294238155,44.47497163225479,56.43868313670346,80.71882957034644,98.18935752129907,137.07387493715555,364.06678934509995,618.4790574616698,1224.5491663186317,1162.3818869177462,708.9839817603693,531.3610228685933,478.10838640328666,495.96855938639305,451.0300653824124,436.93888690407533,389.09914570768575,418.11347227844203,424.4041693373719,435.84091104479694,429.8668079419756,415.38030074006264,412.1314518347137,446.21055539438674,494.6563613614858,538.0846254219339,637.2104481689363
"mda","Moldova","Moldavie","Europe","","","","","","","","","","","","","","","","","","","","","","","","","","","","","","","","","","","","","","","","","","","","",56.906773408121445,50.2934376809934,63.442592677431286,60.528814011956136,61.659837311940635,40.53990471223365,32.17618581352489,24.622679143372462,27.180936251381876,31.870254063292066,34.63387560939753,30.94710551686565,36.02458804967061,45.78546207447905,52.02698766997512,64.04363315950306,46.30972722221791,35.31529970729098,38.98301663283765,39.98479164694925,44.45509848708008,48.68175475647802,49.76734672748262,59.034362944361824,57.81382834662246,61.713963393147516,65.89298255978201,67.63685261388717,77.06465557303655,68.54997244745621,98.53596023468263,109.20133096754056,102.67423807470946
"rus","Russia","Fédération de Russie","Asie","","","","","","","","","","","","","","","","","","","","","","","","","","","","","","","","","","","","","","","","","","","",47459.48106054603,41487.957891654965,39220.3301244207,25805.44064782807,24366.317027217305,26638.976359264347,15842.015607448539,17592.859479679755,23736.83056561504,25652.409867730334,28417.539274321454,29796.84321029966,31144.104547258477,35392.46113230283,39174.08333594922,42641.04406152182,46852.91866365984,49157.59410302343,50156.8987420204,53529.328577253706,62021.82597745871,65044.3821483514,69709.60149174741,75132.88741906652,80545.6315734127,65267.84147446855,62808.69875131293,65623.94295290334,67165.6897219991,68496.30738422002,88678.70697357978,108959.52968754475,149401.8739654511,158236.35368590037
"ukr","Ukraine","Ukraine","Europe","","","","","","","","","","","","","","","","","","","","","","","","","","","","","","","","","","","","","","","","","","","","",387.33835640881733,1704.7170241025437,1831.8187431905321,1765.5327182085487,2188.1593884534545,1768.6865151897416,1629.3066665361587,2020.338764183867,1706.4902515336235,1814.7207129448168,2096.8022655335685,2263.200294083855,2740.8331563410097,3074.837440390875,3737.395063239257,3656.265242514428,3349.238752419866,3369.1640304542143,3095.76870869648,3466.2930067809743,3685.0631113911113,4416.2480776384355,4825.818042275303,4845.105915789424,4678.006169832472,5643.5273197650895,6539.176458891731,7256.958757801171,6717.069995219269,40212.78210872858,63344.78408586907,64768.18859111081,77555.88750537488
"sun","USSR","URSS","Asie","","","","","","","","","","","","","","","","","","","","","","","","","","","","","","","","","","","","","","","",282920.7320563976,262335.7095613459,221932.36090088054,"","","","","","","","","","","","","","","","","","","","","","","","","","","","","","","","","","",""
"aut","Austria","Autriche","Europe","","","","","","","","",1476.2355473552543,1680.0186009920874,1662.1504833048662,1558.3634146803101,1496.3509469549053,1575.2231967593382,1931.2999262042285,2429.6795637996647,2010.2447289419397,2309.237163712663,2340.0590341021784,2345.088961025729,2413.8909080397275,2388.7939284536046,2299.6226230858815,2383.9670390136657,2476.431571609086,2773.2679410302258,3083.013871145013,3146.75717077835,3247.120753403512,3518.7107348116415,3737.354437879224,3735.56599716575,3620.102204082548,3776.0351650442963,3834.790072877857,3870.2133612901735,4234.001622206251,4371.48202522935,4203.150584707223,3973.6613793228835,3932.266234097656,3976.360291763081,3994.420459046069,3878.2685043575316,3915.5737242852006,3932.785062596448,3898.2451525511547,3861.7420947633973,3870.4179997659444,3880.981652025298,3960.316097143604,4055.8784159424586,3779.1356865323924,3712.771897235056,3866.5667580969366,3873.3849410905423,3790.1922951563292,3640.5013451222417,4329.343914788157,4195.600634092328,3917.7430444113907,3895.2468901127986,3806.6850606285325,3756.456724072539,3610.6418751996116,3640.0796698499767,3480.5828571304187,3745.8026261849163,3933.080891551872,3957.0727380042094,4046.4931093548234,4511.916388820966,4624.50722961097,4123.988509380652,4589.128975674938,5294.393827606574,5883.185148196221
"bel","Belgium","Belgique","Europe",2433.26697722574,2454.5276093423295,3632.4219075514998,5368.001748760567,5344.123376679265,5513.13010224265,4566.309612511475,4439.906834951782,4629.516407068716,4559.807142963771,4596.548641358927,4698.880512531394,4750.253700404511,5055.667014322817,5211.431450627952,5592.7877316854065,5414.195683377446,5847.606206558662,6131.3231829039905,6347.648158077482,6390.108772469492,6811.433493734042,7098.462341852276,7481.87482814707,7823.453360725141,7933.108494291589,8638.16297262815,9090.38995234485,9324.701698565746,9947.322866836097,10166.175535373688,10363.197859683847,10454.993971077862,10108.454435475864,9707.87784975328,9295.297055311108,9186.926631614228,9566.015264920734,9626.72587520952,9223.70382069919,9080.76228927301,8908.977997268888,8783.009382120812,7211.802719186871,6848.408329605618,6810.947111050655,6671.8566636733,6544.9458156925475,6462.6411086088765,6460.852174100704,6545.03578237166,6544.575392711694,6256.854117818973,6067.043411869637,6132.881779878223,6005.150836055742,5786.47881058352,5741.50138376725,6195.350188076629,6754.186469502871,6361.5564284863385,6092.945177182776,5879.134818133758,5813.618408818746,5665.297588409489,5573.459128334844,5366.710163457,5344.779238635969,5348.169383822959,5464.998288992744,5587.2892530298905,6083.908813417305,6716.843222756323,7609.6963944797535,7883.828866580148,8566.824934062506,13593.675607087187
"cyp","Cyprus","Chypre","Europe","","","","","","","","","","","","","","","","","","","","","","","","","","","","","","","","","","","","",90.86650839615623,120.38526999878759,445.1974382800745,510.2299019148604,523.7385688986185,779.4175375218146,765.0978811079285,1047.2081020994133,470.4756377172807,494.6919800429763,443.6688954028322,665.8353755171069,844.2855045637986,753.6880654968311,466.099056451448,497.4765867645204,587.37922730149,401.54905639701917,388.63740108919393,403.7909551856786,438.7483976667873,431.70457553981123,409.21461001395846,410.5749212820689,448.2085838689796,465.04468644546574,430.8816122580377,393.39046925886964,354.9445626571072,334.7241510916905,374.81655781055804,343.4682614994375,407.48456270852785,481.27453470470476,520.9592561753038,536.9678998054437,566.2293288051437,577.2732219745226,569.6422251574007,596.0223351527699,631.5150284034345
"dnk","Denmark","Danemark","Europe",1181.5188090004738,1110.0238961700175,1328.8179708059736,1821.7189126716441,2373.9446276922376,2363.2632120445787,2329.65688487101,2235.289137969756,2352.226477074557,2279.7856609456962,2236.518454188034,2493.2948480566643,2555.182225031934,3127.803541440159,3137.891320499888,3252.076956953226,3451.150912046285,3396.508152101796,3393.895692609061,3621.930280245714,3566.052740368978,3762.621803860151,3827.1125028290776,3806.1381197545143,3619.979744771186,3980.682395301166,4358.671407548039,4266.865645667778,4288.0348984336515,4454.912963361393,4482.7522772516595,4523.455623478288,4571.813682321215,4704.3015030575425,4741.634064188438,4626.737552766767,4522.384441574156,4356.537983763537,4602.4738918307,4694.60424088126,4578.646926489211,4582.153695905411,4665.04513514149,4579.166162902989,4591.500022121665,4476.60811333681,4428.971234391512,4443.017849569836,4499.9885730783035,4549.649662537753,4521.869868946665,4374.160878939015,4645.100228534399,4589.526190652735,4455.2147555807605,4480.861323407688,4269.293678627682,4666.567525836947,4501.338157373884,4674.143230554058,4395.061069799262,4679.328004225185,4361.510871470338,4497.811183818239,4125.512268054575,3944.2173136637593,3903.0154088049976,4161.114147384283,4245.0437226673475,4856.209687619276,5010.869864397051,5328.826357001751,5428.142260380697,5886.055922057223,8253.96291425303,9637.155297532658,14082.957952255307
"fin","Finland","Finlande","Europe","","","","","","","","","",706.497417662049,830.467217115095,873.2930425630999,1009.0828476467444,1415.77387779166,1124.267078319602,1108.5589090445305,1130.64374188643,1112.1466751066982,1088.698881654264,1241.9304167201296,1136.0290722684467,1205.1188808373142,1309.881977927148,1506.232271392019,1568.639451861637,1480.4329279044148,1718.2269116159598,1519.5229883225022,1557.826117724586,1620.5618318969684,1808.6946982367972,2109.697737977346,1972.895626502308,2148.8390216741996,2454.7946784063092,2257.6027145638423,2426.1875964687215,2588.6267291975123,2577.725604960899,2720.4593964036812,2712.935100474644,2761.4397699235064,2883.409586826874,2936.0627454454843,2853.5816663682763,2806.5561281042837,2525.2131327666466,2795.8061764330646,3006.951157747832,3072.5555489251865,2676.8681744465607,2830.1119544819335,2696.8182486127375,2750.0233137189766,3491.5953199537216,3702.6088133470366,3809.1568273887597,3877.907479662776,3653.571422007723,3938.662448453252,4134.70434977469,4043.1518805165133,4107.874950865356,4158.253862566148,4184.4653828918235,3969.560601097902,4058.6065375794888,4074.5294239009622,4004.7488560176635,4121.163303816392,4164.026450813055,4339.932712964029,4054.0428002055137,4941.402532626282,6025.816833447121,6502.950515293756,7614.126815117045
"fra","France","France","Europe",15045.352377538591,16267.573153908766,21788.409718737465,27677.91627756499,30826.9099611743,26277.341422616715,24487.47342656062,31297.988811286545,33502.953495557646,30860.45735189518,31558.358754513672,32393.097731942955,33665.07292493602,34792.107811196496,34148.625113274065,35152.35182641718,35660.6888466378,36735.09097556451,38641.46018333769,38687.23073486738,37004.95806113938,37211.508424510605,37720.9365107139,38707.65962023533,40120.10901857568,39971.56172317772,41764.71941133194,43571.06640442753,45947.64990774334,48551.89520522943,49682.34790759111,50668.97988590036,51929.67943030223,52922.12441687366,53903.839983182406,53583.81878474578,53520.791316006755,55093.02985818926,56706.50712313717,56677.60814714567,57372.37743440775,57118.609698899185,57490.581266523805,55681.82895029225,55064.926996347116,55348.21928098206,52608.27564189056,51356.91092189567,51542.457498951975,50172.46961135706,50594.526564605134,50022.24202936357,49868.02990736571,50892.61957160188,52427.7856131684,53859.12400299808,52755.15115794879,52998.23090097345,52978.256701094964,52593.2430314527,56484.42307535732,53806.845118261605,52206.7298487495,51404.78316345059,51071.73486917262,51960.53903681272,53381.982543970924,53500.06353755757,54391.08417055937,54701.00010894787,56073.56144085735,58039.151683874945,60510.28534494083,60193.327247225556,60793.84358362721,63574.699212500054,64515.08859170501
"deu","Germany","Allemagne","Europe","","","","",19577.730927632885,19821.40914589863,22903.04214485793,21812.367756434716,26546.265426227026,19885.870637207798,31860.28113364592,34303.83159229412,36474.036840915156,46373.18392246331,52060.36917870616,49919.99807741655,49251.8657284474,48341.78849482987,50287.845287043085,44633.10535654967,48955.5874571003,49512.75760884482,53045.844460450615,56743.574900156935,58920.939434183376,61534.18159016805,61255.324776375965,60812.88956153074,60552.05056914411,63126.71616672082,64007.95679917273,64866.70646293649,65628.90834274111,64782.00675486481,65344.39326468627,64687.1539537877,64825.30732946616,66544.98506576798,67736.0370429448,67193.33897504292,67009.57708795436,70619.36631408,65354.30432453483,62155.57866896058,55876.65404538636,52110.81848124494,51253.292203014775,50251.17809052198,48396.28649865258,48563.44188696484,49545.20226024038,48763.54699716088,47962.07000400286,48092.53354507784,47435.30205449631,45982.114170560795,45266.85423076625,44461.318426051344,44529.32371025337,45582.1593879221,47308.40871712738,47423.51534074336,46462.09248538952,47789.72713508323,46023.10109456955,46077.63170464238,46868.79272168575,48902.680632670264,50305.32810413298,51693.56732149897,56704.668391866406,60418.43086247143,59887.72277115052,62499.50880280454,70204.60523140711,86148.2850785157,106727.24823993508
"grc","Greece","Grèce","Europe",883.7096483933094,990.5942343926722,1167.4468609817309,1127.4874699543072,1077.9732867790506,1160.8150707013717,1180.715499938863,1524.8493805229284,1588.6470045757305,1564.4393757670246,1619.7581460655515,1720.6301793110472,1664.449926515574,1692.5448545782872,1735.309427467303,1803.636951894541,1950.997369399994,2117.650981971106,2726.7128356037397,3184.266121339453,3604.4537000243054,3888.6680351623154,4110.415390018897,4381.989944625309,4406.406267255761,5472.505065847424,7039.825153111719,7704.088410593054,8167.336585572264,8342.425889700049,8081.456571983745,6989.60768374057,8273.345206609116,8441.902061342676,7700.705463088471,7558.774801030857,7502.019753060576,6410.441319027044,6396.3517836939745,6763.553159608456,6341.665294658647,6411.567646349965,6080.896577752925,6319.393351978343,6168.214408986905,6274.4750365162445,6408.673261352475,6792.59486624576,7238.422651739801,7887.660152286848,8257.917590025767,8715.747693744614,8523.830294857584,8361.355408699194,7163.3178334442055,7875.683851077133,8516.340280060513,8854.630795981646,8847.601936412975,9835.694605433071,10312.328631611777,7924.5996839991185,6380.34191160109,5643.141518331516,5269.583161834507,5226.633402899619,5542.741126460026,5773.745674334018,5769.135168133128,6166.526557888759,6063.446337211182,6467.879453239349,8854.140596670028,9566.99324036593,7220.565492340098,7391.576221093757,7806.243455896482
"isl","Iceland","Islande","Europe",0.,0.,0.,0.,0.,0.,0.,0.,0.,0.,0.,0.,0.,0.,0.,0.,0.,0.,0.,0.,0.,0.,0.,0.,0.,0.,0.,0.,0.,0.,0.,0.,0.,0.,0.,0.,0.,0.,0.,0.,0.,0.,0.,0.,0.,0.,0.,0.,0.,0.,0.,0.,0.,0.,0.,0.,0.,0.,0.,0.,0.,0.,0.,0.,0.,0.,0.,0.,0.,0.,0.,0.,0.,0.,0.,0.,0.
"irl","Ireland","Irlande","Europe","","","","","","","","","",284.9930228396359,298.6290526405754,317.6508296880522,330.26546909227,335.13153999890017,338.8543297759192,378.9443829430381,391.29423710198773,372.1996350446859,378.8824937823478,389.70756418654355,406.6386912727224,460.25491056510094,518.7050678830601,616.0188625577786,659.3427364532057,668.2028560178599,810.8965290912153,837.7732944678884,853.2874820476864,913.261871791368,1008.1109762726655,1061.159248076096,1015.6178654864221,1028.5197317575553,964.2906770517623,932.8875605864969,961.7822768271034,987.8597770501551,923.2433646668109,918.3005459031223,907.6069557833699,1030.19993709291,1079.3079457875365,1067.884817948829,1076.0783095717188,1100.5088279617544,1109.4324244810534,1168.72782993224,1237.8849675305778,1248.3826305357932,1291.4497988495211,1325.1581605392569,1438.148105023433,1380.940021309998,1323.8157486233831,1344.3723042218426,1361.3774755763552,1349.9443435124506,1359.8989805586182,1408.8396510573302,1390.501825230438,1324.8963860840772,1256.1101604531573,1189.6205413737862,1183.130100285096,1178.7776792845311,1182.6919138806618,1191.2664520941255,1197.3209418508156,1223.5339832131335,1284.4046488653532,1301.702695037621,1358.0820723970428,1300.5930594903393,1298.4547942894826,1333.2762614062513,1463.8219531216216
"ita","Italy","Italie","Europe",6342.934424394119,7487.93087484273,8482.649160994013,9493.94705282052,8624.516882132706,9459.581069752288,9318.891556454128,9593.370093059764,9897.309481295617,10190.412311533682,10507.013568024911,11033.597989200165,11332.121803108004,12533.659723171062,13948.867895465419,14284.743159821537,14825.70325986573,15909.720144747776,15628.353408987674,15817.448633887703,15611.741243376526,16478.72113904348,18519.33468797333,20554.45007172661,20521.021367672856,20498.489276238346,19086.605932429895,19028.006391009254,20361.046968825205,21241.74085556118,22604.145786556477,22027.50918787408,23164.95408215096,25845.017229652014,26409.94384194015,27189.590868272204,26918.122323299656,28742.576574224662,31273.779210976645,33221.881142580314,33484.07124179636,32206.119824613375,32660.138630355123,31721.473262278796,31890.633095341556,31102.214235366017,28405.69978778027,31299.658717138434,32819.405319365185,33905.10238849121,35231.37138714543,37581.29565246348,36964.1331018917,37974.44931946878,38283.28095489199,38408.679399890454,36952.35302258414,35755.18260195633,34734.97610180085,36173.072003330904,34987.43796509012,33988.35648402087,33284.613325106315,30766.994624965635,29588.785952823735,26768.194185768472,25645.450421313675,28933.50435134225,28981.20347718161,30011.429997215473,28611.293162463164,35328.846417902576,37010.44222152641,36951.186563551346,35923.52762199075,37849.54613562503,45440.17183230191
"lux","Luxembourg","Luxembourg","Europe",28.91779413029919,42.25596561995667,60.63255919651204,98.4634707611702,110.44137390749887,126.62624905848189,137.74652563057182,88.11385985279618,93.58087505270302,90.83878517390492,84.87026220565596,55.253500900451336,60.63894379534986,73.55990180925089,70.12025031389378,90.46579161572139,89.83687263524894,90.63886954323809,73.55829790196368,65.14141454941074,66.56549739564765,67.61934524214544,68.74609963344773,76.29344573743698,83.6775209496258,90.31129825940833,95.91132527968344,102.96689090876572,100.8862736664614,109.7413236226808,112.97580631339773,131.1675601571607,135.77395996365965,137.06592824831458,140.18756424128796,140.89953468948542,137.11831534285557,144.27027226678342,165.20625173428326,188.46146708057657,172.54878445446772,179.61953085370263,198.32616376977353,207.01891936038334,188.67356728732966,208.10202561524238,203.1360137340385,209.71970517485855,226.5126589361078,243.0430997656425,246.553776309922,251.69817457987997,315.7191116249049,281.65660824783237,298.0112637224699,313.0558407188649,316.7702193461603,310.1176798863733,321.5718802772009,178.46345025296745,196.92497394810235,196.3478861376438,197.55228532837347,194.57056572890468,198.99025969337225,164.98350443355227,190.76241891210364,198.58237742279348,249.19771308192205,316.01676827819006,364.8507051866606,398.1082369432177,364.22578940035066,502.6275016783623,596.5988430908701,618.7850077992192,802.632770958496
"mlt","Malta","Malte","Europe","","","","","","","","","","","","","","","","","","","","","","","","","","","","","","","","","","","","",36.463698237197754,38.22159177629272,46.848605452807135,42.97758625614029,42.732427630429136,37.56044748915649,38.30188344133436,45.64349914278786,48.49033319838506,52.074974400018654,52.06058939671736,55.679100466854635,54.07974380957706,49.64300684505848,48.03280529652429,46.69001822204576,49.836455440846855,49.2151542697358,50.77798042014506,53.60009322166075,67.62522048085926,54.9057249659699,54.9684616260371,56.387829555218175,61.44290257624368,63.07602183246463,55.5468924004695,52.43200159459498,54.03168230823667,56.636741941676235,61.422729845411986,70.50928205360952,73.80423181887278,72.19804797686197,89.89056723437717,94.309790975786,91.28669851258138,87.31531432867413,86.80580650879449,93.62699292734382,116.81203845871528
"nld","Netherlands","Pays-Bas","Europe",4255.94616878954,5173.577689814237,5437.390779304178,6427.558012902839,6822.07397254109,7807.504084323866,8221.888124415378,8805.874496498544,8259.374796243126,7255.587838112926,6523.630628367758,7320.2559207920895,8418.250180014433,8936.983003911217,9127.68651472971,9954.810842572408,9596.50358675683,9321.007042574505,10330.231766538896,10211.05066510518,10673.961108689371,10929.678332937903,11430.414175350425,11790.076036077111,11973.931191941396,12523.264102399766,13164.246678176694,12993.983519278989,14481.809549568028,13995.063994320948,14840.526777731147,14439.009967063115,14586.428879757352,15726.606183440332,14417.161871865637,14659.612814757356,14496.177287294875,14703.204044580843,14969.302370304684,14911.28224366492,15052.291907778841,14628.762052916685,14221.08826761749,14140.347221300057,12993.914324790621,12530.747683667298,12175.003569339835,12253.169113769924,12132.893727671357,12092.336211826316,12686.241404345687,12180.584648623115,12501.42264689177,12487.809857677292,12668.222585766563,12760.206145562517,12782.658310645651,13386.250032556534,13566.671916862635,13332.20969140392,13619.935547626324,13046.498737910766,12608.118031961241,11847.422759861074,11035.01726630401,11050.377941727502,11023.654028194986,11588.646915803965,11841.928537280855,12840.814639130771,14241.276130631986,15060.831382642258,15553.679294341648,15055.319533677377,17213.78570401574,23577.49375078127,26995.330408327216
"nor","Norway","Norvège","Europe",951.4786190938322,835.301048036488,1155.402901209527,1541.3415774258133,1939.7394744297899,1985.940717495747,1643.8208607187998,1605.9577397854991,1695.7303863275595,1578.2725376154194,1670.0237174184044,1589.8564824684886,1729.2952405223573,1910.2802670671977,1989.772581293734,2017.7702641922326,2338.4248300989957,2324.4973843586267,2397.286374679192,2541.141597650989,2682.05451334694,2689.468750237853,2757.351801215666,2756.344457667748,2776.09040886396,2850.6758804036335,3091.721902453471,3165.4533427437254,3230.0807915661203,3449.6700504627433,3537.0001908007393,3570.7093081811236,3609.6086422357694,3750.40023105957,3913.800236401138,3769.6182313774384,4342.961896374115,4205.751714502527,4475.7227111197935,4265.738485211658,4378.978029937113,4414.332775070108,4280.77803903251,4639.108518669521,4323.065469954289,4545.611543931317,4105.07000254996,4161.328060426581,4092.2187859007668,4363.323259137155,4385.147863768177,4239.554190945844,4267.438464571035,5128.258405957612,4930.399175337322,5055.403782379145,4756.3452051097975,4747.177891226335,5050.441922055513,5078.736495046012,5388.32088218057,5304.137707759755,5404.168809183792,5502.613841263953,5630.415592894456,5874.411896460152,5831.657107405978,6052.423135345106,6679.804869956474,7037.518046011688,7446.114489891642,7543.971129165782,7764.434220182705,8466.119831723923,8922.02457255221,10792.089957347844,16085.408217793807
"prt","Portugal","Portugal","Europe",650.0497041875076,699.3169600615107,726.4124167148021,793.4195513161724,918.282852555546,965.3706717536086,1032.7782175835825,1025.2496656202663,1052.9962534604708,1076.7225897741123,1208.7227760996252,1257.4782112168011,2015.9308695687894,2291.594676502681,2238.343916698136,2439.9816089851647,2441.4227054237062,2572.4465388446615,3157.191257753259,3323.6843989177833,3119.7983197016397,3471.5415223108307,3786.076734562679,3793.6940332710983,3585.557391740564,4203.574960495748,2766.6283443771454,2215.8381384980235,2041.2967394776251,2061.8602282020815,2095.476550609895,2271.622931073971,2261.4263872165156,2264.970770980328,2177.7443204947517,2026.6513821929366,2050.4527383243158,2305.9337332244822,2399.769092923003,2664.8102496936563,2796.977579389126,2875.400029425336,2963.903828036628,3043.4684782371974,2946.30587500141,2866.22251549176,3078.210244667369,2969.4875715967883,3028.999363428003,2966.314516864874,3120.3425848347724,3213.3597802146455,3343.2686253830093,3434.5200287704283,3336.7283818359883,3569.3998909724196,3846.0747112516974,3710.9644500813015,3483.76655529563,3561.5848113438337,3846.234245703343,4013.7055806196004,3724.5731837854287,4027.08914859078,3748.295628839855,3395.4362847049442,3686.534312256354,3791.8394441412356,3650.5762675113283,3607.816192710364,3723.6759690247445,3646.484561627889,4091.562755662305,3830.6706671712627,3620.909605177511,4524.1338832812535,5504.815968604753
"esp","Spain","Espagne","Europe",3165.452024896948,2967.5024196860395,2808.2877442485246,3559.3759894164,3490.008752247997,3507.3282476852974,3794.64177439585,4026.6746251818886,4213.585736501384,3696.8811037571845,3522.651310011519,4228.451885386303,4261.187207033875,5204.241184854812,4902.829955793413,5602.371733092681,5620.345353334321,6756.09896089785,6350.408875895741,8412.996785820733,9925.112125613115,10007.158593808339,9618.377987610404,11461.799069546569,11296.240911880759,12504.904456613132,11400.296887934415,13506.362519320419,13720.761101837972,14285.188493073894,15299.880714346298,15864.330038575486,16113.29007100827,16687.067443212778,18695.239367194663,19150.812501267807,19481.00589172834,18212.30097045785,19273.852842994296,19486.24413813485,19381.7927649042,19660.167536742058,18894.795227613406,18432.267679622528,17960.38964419509,18145.744864465523,18289.78024252693,17712.314437532626,17539.27866682788,18406.89124513034,20227.829388411883,20905.253930315037,20673.247341885777,19162.806933935753,19448.469109255104,20328.997980715,20582.113633533234,21256.18270511333,22045.693068188277,21924.462982705663,21047.16438192528,21183.6765872629,19542.05057070252,19763.572676596654,17242.0737285638,17216.723095075733,18300.594814599153,16969.473014046373,18780.16192201066,19506.017419778615,19695.17598288224,19701.91164933997,21080.27952332479,22690.769669566835,25573.428149310243,25199.837644766747,37694.82516045751
"swe","Sweden","Suède","Europe","","","","","","","","","","","",3840.6452743234263,4029.8694079665565,4333.671034216455,4621.050992886855,4858.300971817514,5150.380730751416,5198.221493292066,5066.754245023621,5072.808830814638,5340.142387873708,5484.988823584653,5606.590144451061,5783.594070005959,5801.943561185318,5847.859167850039,5995.375030715901,5992.32108429826,6036.68044082491,6213.864459780926,6446.207003373801,6296.714986164798,6189.249612265065,6039.12180597386,5969.937196960133,6052.097733089059,6141.677634703075,6243.575191538052,6661.632319985252,6694.75542151087,6773.326598004441,6900.2987513126245,6500.454067500529,6316.41515634302,6297.9295000421125,6283.686720509735,6298.230837012253,6376.41834038879,6049.343458729568,6229.682408445801,6465.471686356309,6609.847688029128,6271.722346237601,6104.941131348489,6060.514994742226,5703.567234203804,5777.728306627863,5687.753636940398,5836.869128338706,5191.490915125025,5091.290374051297,5509.930829801378,5180.791147010039,5289.089044102915,5319.828210528994,5636.173307131872,5696.73409992092,5771.941254268133,5771.663110942773,5962.171289868894,6489.146845569751,6753.260127256794,7443.847934759356,8249.128116108,9070.940983017914,12046.97008544414,14954.071358643147
"che","Switzerland","Suisse","Europe","","","","","","","","",4509.059122184146,4804.610427044128,4658.804114043081,4363.352355348727,5082.382278878399,5618.438201525294,5853.609680834695,6343.343745997494,6393.5500905553745,6719.6242586505905,6545.776788483149,6235.217194360784,6656.83126999421,6848.265179424617,7123.415558895772,7256.742071241368,7032.7599618748745,7005.09902306046,6607.611949363357,7486.171772406862,7097.459477406203,7109.066919086745,7433.525558307556,7393.591397494493,7380.807122137012,7688.829194171563,7791.479798771673,7873.172549529901,8660.35150187368,8208.90054679065,7897.118693285985,8250.114673193022,8410.876553251752,8920.301182835308,8611.845325916349,8362.142194500895,7425.114637832663,7357.777599775135,7444.619771107132,7044.554850694762,6790.096986381445,6774.170152179273,6270.2985727891055,6176.686088390476,6032.12869612282,5773.8586346228085,5623.592759293251,5519.26248321664,5432.79102520802,5171.40569694403,5203.915329430659,5330.426436111785,5324.78984881678,5143.390687090844,5280.969068106007,5184.160378220999,5628.606665129463,5099.599700385915,5311.194949008049,5524.411050090666,5557.273622339033,5596.6983016313,6009.23590175748,6526.097572696175,6044.321589479949,6325.768118920707,6509.4030693312125,6536.271129330101,7152.068372957512
"gbr","United Kingdom","Royaume-Uni de Grande-Bretagne et d'Irlande du Nord","Europe","",37971.667162582795,44708.69057036089,57192.20375787844,63540.92257386434,60324.41833217497,57437.51792296845,56374.97007108366,54438.30498560495,53011.051915818236,52743.023044616755,53833.577708153505,53781.47158689179,54471.92182833429,55402.16832779943,56902.82487884602,57073.17508513515,56768.57590189457,58219.39032809166,57390.09756914805,54234.16615277173,55863.35625241635,55738.27833781477,59288.200327143684,59485.01818352413,59501.21811415278,62512.17199080608,61596.05748942732,58907.805630120434,60780.353731019764,62680.325654772256,66837.7268801117,65470.63330027111,71379.26326157944,74553.76221129534,78251.20576321632,78986.44111628727,78010.9207241824,77160.30453323289,74426.89712765183,75082.144258986,75189.11484084683,76057.62162272107,71040.02979521026,67795.0535184491,65929.83175883412,61838.06304591789,61246.887305296565,59071.863498565326,59264.94012029672,58949.08330287288,60135.948407647666,62517.6773994093,66234.27238238306,70950.18298245851,71830.57037454474,72502.18531936903,72834.76113699014,74817.71900649132,78093.20917105605,79344.43989031781,78010.82766627191,75373.47696328099,73280.47220376147,70601.37607885126,69339.02915591367,66673.57644877536,66441.13819049641,66562.5257163422,67063.50710125866,69849.3632130092,70958.87028973651,72051.0356918993,73189.31042555679,78166.94674681274,89814.56586193603,87984.55214887294
"bhr","Bahrain","Bahreïn","Asie","","","","","","","","","","","","","","","","","","","","","","",83.28551138780452,79.25281840486812,84.44243084651612,105.37149409870878,56.69530711683032,74.05357363830407,96.77006203011388,235.0604125120572,306.64898937111053,324.74802309125215,397.71861684184404,474.8411346645329,271.95088674673605,243.5764943507108,254.20590473947374,276.6992324873728,281.6134425288057,326.85647659981237,338.5873215586829,368.19866952231365,401.9457914029339,427.04255063819716,416.46887198875953,420.9625397816,436.6939807093665,465.61415809603864,454.5612675347327,467.5450926886308,523.2998630216337,519.3208976701177,545.1379369613927,653.5100867558534,747.2588977904227,752.6603426632911,708.0067122147644,776.4271861042033,841.4472978425111,910.6862898522436,1019.1192227198098,1017.1635055198218,1252.3109153431872,1394.016909764748,1538.3204402559916,1640.6104392835452,1574.5325294333338,1599.3126949579396,1605.914279317278,1567.8874441083972,1582.8117882147887,1461.2906317568145,1504.4408883924718,1613.9690161007684,1637.3137240212163,1383.973404255319,1463.7534713725267
"egy","Egypt","Égypte","Afrique","","","","","","","","","","","","","",1178.185517789186,1690.4977923934293,2178.1170143033046,2178.7415566658074,1868.831779860955,1957.675620147622,2540.604141656023,3367.2508831856085,3988.201672533184,4481.383070081731,3695.4633147050417,3754.66451804979,4998.215707562498,4739.821071913908,4909.095692119649,5441.4217598546675,4425.475372407193,3341.401432185882,3265.972403971502,3951.521955337847,4369.3841518037,4901.51199908567,5216.605449277874,5227.025564639495,4745.569227532808,4030.6591827295356,3174.5710063891315,2559.1626434242344,2520.2173710824563,2536.440274958311,2485.7455313702653,2412.6193582601536,2530.243402534679,2490.277144840349,2521.681070611741,2581.1641166403597,2598.7592799554313,2607.3913098794606,2787.316759511576,3363.8397615451263,3797.8935803896748,3880.726783874765,3671.5564644140627,3664.3919619735047,3749.4502284005653,3776.01386713043,3516.54055675876,3413.1056400025554,3412.2123033990233,3313.7000405264125,3224.282854771885,3196.289822229844,3489.1258901183996,3698.9772037184352,3484.8769632654275,2940.5490339077296,2889.2487322187108,2999.478557618666,3237.0410270768443,3501.0540364281946,3380.9143048101973,2746.6339194083575,2398.424389272584,2259.246201228386
"irn","Iran","Iran (République islamique d')","Asie","","","","","","","","","","","",324.2977888278637,337.487160752393,347.5941754287181,405.583994296289,471.824747393992,594.2590075829389,763.9301961018244,971.8750153551116,1275.0793452013927,1593.1344718512069,1716.8646373465142,1068.9705122675655,928.8621610424826,994.4060936672481,6892.784343316573,9372.789761368806,10561.789297169113,8844.51907056302,8415.656424568222,4687.962519675677,3800.796909519131,5655.055343985836,6075.971768711909,5698.972840187413,4966.973332182036,5190.308881309385,4157.481631781502,3813.945899999292,3525.656869576088,2607.5755244823295,2315.1816024826026,2087.3633040244545,1811.565423155521,2121.462989118293,2618.2263532501065,2568.379375622033,2832.214795014132,3159.1722454887436,3161.6267774288153,3197.7817532491267,3520.6395888833927,3919.2177809722907,4218.592391980809,4923.705924863383,6362.691071594955,7565.997321138945,9059.514973970707,8330.773553773124,8014.67962000411,8385.701379210299,8532.764626854338,7364.400130561909,7667.216414533042,6174.510642360227,6156.369687960954,6545.83054170141,7514.83602031802,8455.19156254487,7513.108835145714,6286.157565031694,6538.194436209043,7946.334820663052,8357.318367232678,8829.016828067768,7891.903306818181,7450.45175267091
"irq","Iraq","Iraq","Asie","","","","","","","","",216.88666234376504,233.41000907526654,273.3457943787688,313.11540452337925,327.9279015936925,348.4675741203185,405.08299313550157,460.05032463934543,563.3282681013696,575.0174398034416,555.6185231407576,675.5650328754145,824.2709732476153,842.4942610663135,856.1052669443816,827.6521273123707,1026.0009848017082,2016.7953072284472,2048.8854414730536,2011.306464945804,2100.2936722122413,1986.0216583026881,"","","","","","","","","","","","","","","","","","","","","","","","","",1966.626038365274,2654.5973292105427,1905.547012440489,2916.341550619714,3855.0519738390067,3674.5401078450413,4140.782805108317,4461.985023980927,4057.331899051931,7481.15057380238,6511.923077903691,8919.162445563496,5582.9221545356595,6934.28524028095,5890.778658667281,7139.7109311741215,5303.891751445527,5107.7618842530765,4822.756192959618,5070.651079778717,6335.846153846154,6398.568371784378
"isr","Israel","Israël","Asie","","","",424.53530201016446,403.4813724319815,493.66360989836784,687.1723157817856,1325.0010352028753,1170.6920366647096,1100.359175637364,1167.2101933363426,1268.6353142206203,1509.6842757470383,1936.2407891329228,2313.4269305921885,2363.6855636764967,2472.862768701231,2740.6360261858445,4465.984734468847,5659.158260028005,6980.309707137757,9502.682935103876,10272.959838472641,10416.263045121039,15342.325156247143,15736.281483432447,17386.388313455653,16078.815427813419,13722.163280111608,14912.366043701284,13269.442420694233,14063.370174700054,16503.345914444555,15284.924863088703,13607.052786409406,14799.629258391797,13974.777133986338,13039.694484244405,15939.139594948263,16052.83101275598,12688.407795673045,13399.825845136407,18204.24755348273,13741.840170087471,15111.502214763852,14347.267714782938,13138.131818731394,13376.103285694457,13398.18120866486,13202.56388012679,12928.307645444109,13712.439271018366,14279.878646025882,14352.420477344373,14073.736763194209,14645.802232717466,14887.264017390815,15164.716632688476,16937.10821554529,17190.143930120405,16845.212025342338,16912.311908761636,16641.45594959778,16952.40668497967,17590.478058628203,18909.068723867287,19246.36498347769,19873.45026267268,21069.283148596,21331.57481812705,21577.478398196774,22281.728844440557,23075.263369609773,22215.657063250736,27692.057205174537,45921.46720991868,43663.712775316155
"jor","Jordan","Jordanie","Asie","","","","","","","","","","","","","","","","","","",1024.6839961622793,1250.0322814145452,1140.0778196220106,938.8494974203861,886.5764960117627,980.5756643089553,945.3945758829602,841.1810640926926,825.4508522714369,1252.6404658873264,967.0450294338646,974.4978268270875,1098.2563300268744,1021.3789513350146,1108.964008259413,1167.5488182053225,1193.0863020472314,1148.8836390937004,1255.02891989239,1388.1380477597647,1390.9194394867668,1310.5991735304071,1042.5353224524479,872.7805615099084,1112.408894370196,906.4974791054714,951.0979092282253,966.2522163623408,695.6070047744414,920.6229313306342,950.8318017395519,1030.652468214283,1056.4555268289105,1085.0170087465046,1065.2709113152487,1032.1480877794183,1190.7152348575287,1104.717777554646,1098.2164107120107,1201.1962088417308,1687.6814861592286,1950.119387507227,2269.3215975064873,2150.0588361452747,2113.033138128744,1867.1204252596003,1747.4587872768057,1820.383796572337,1914.809549024976,2114.467013149906,2243.384946518733,2167.5142322585007,2232.8451563102035,2251.495114014965,2352.173734182761,2420.343568767338,2500.3949150277595,2533.2394366197186,2500.4922880159816
"kwt","Kuwait","Koweït","Asie","","","","","","","","","","","","","","","","","","","","","","","",719.2496285046891,901.3544184610261,2220.7901327667823,"","",3370.5621203540827,2934.831368850528,3288.509850591274,3245.945559653814,3417.0551634887706,4038.1451973372477,4330.414181154792,4470.585121947379,4212.091109783539,3785.234471420436,3720.6580045322557,4680.736906554281,5810.537918253646,22418.77836825392,29216.78090409694,14808.446952727554,7164.9182019770315,7601.533872512286,8336.962053121722,7090.14228695858,5402.209886857311,5040.123190592228,4897.278266048709,5717.722314457991,5619.33058754551,5798.634967832267,6249.1095027142865,6726.076429030062,6509.319077698401,6434.881888103128,6835.0647705582805,6293.237386928872,6118.213386495391,6006.007724900643,6862.996647423686,7426.954695977959,7026.9268060657805,7013.1735706106165,7063.716605782861,7724.541740414278,7966.952541972645,8361.135920449588,8558.527034525114,7968.573204319192,9821.536919264023,8781.509622641253,7996.632953500061,7798.626273546721,7919.185713843692
"lbn","Lebanon","Liban","Asie","","","","","","","","","","","","","","","","","","","","","","","","","","","","","","","",2786.166360643667,2191.180397246055,1330.082205458432,2367.962734625913,2790.535993730218,1991.3253020443995,1553.1762472926634,386.6125829912411,293.6309449345565,"",934.8649680808586,890.2717675572144,1586.1002532099596,1322.537025214735,1659.0635081298735,1699.6496388056898,1491.3748838034858,1250.0440393641347,1204.8096851416165,1429.267972524895,1607.5115778983345,1662.9181240980054,1547.0812147731647,1554.5161763335605,1580.5795714926858,1605.279407561787,1593.9569057631732,1749.3304534923457,1603.052665443766,1931.8649969193361,2065.2463786509925,2018.4736771606858,2045.9869463045318,2150.1659697183986,2475.640918226038,2537.344147747217,2976.5323921044014,2672.1938106343136,2864.283165311084,2525.9285246612135,1041.2830697143086,407.2675039817847,345.0185008081491,400.2409243906205,635.4715719063545,736.421498654803
"omn","Oman","Oman","Asie","","","","","","","","","","","","","","","","","","","","","","",377.5977292445336,635.3246785602536,684.352664004201,731.4482034150527,1511.48753128264,1617.3514165324223,1551.303145053976,2037.799540592579,1591.5279119224801,1591.2393811506913,1918.1054614882783,2082.065159608509,2455.5233303516234,2875.7017848091436,3064.551181834044,2541.2191095193034,2175.9582709805823,2160.2608862829447,2168.8783633829858,2436.6492021725685,2018.809995046996,2417.783239952109,2268.9141661822187,2411.036604760647,2428.5930551962574,2294.249956411927,2374.4091415745625,2102.886942197441,2127.4795342760835,2533.632918549599,2947.4937976741326,3034.6410290839453,3191.0455717986706,3592.1300488114653,4328.035084955842,4612.669500229504,4678.629390982167,4442.971072013394,4176.212929862999,4409.498920263913,5772.729335178654,10373.003769635,9728.20003857359,9022.507956513997,8270.160919042068,8616.339687357804,7269.777808616341,8014.197442145409,6905.840786821721,6452.070098044706,6020.454359075895,5873.129987893756,5886.490917595752,5988.296488946684,5934.895596687391
"qat","Qatar","Qatar","Asie","","","","","","","","","","","","","","","","","","","","","","","","","","","","","","","",2346.950565971027,3698.0503101583695,4845.0612938165,2909.245391257324,2781.037423761671,4768.822811091231,"",2609.0153857941605,2831.8352283024824,2367.2454424120347,2142.073631845473,2323.4141737887294,"","","","","","","","","","",1548.6061745019633,1561.3283481861988,1439.0971967094893,1519.675560000358,1631.7499722349953,2102.6293500501038,2711.1380632579976,2395.802707987976,2365.127853774319,"","","","","","","","","","",12700.009048421362,16079.949595694514,"","",""
"sau","Saudi Arabia","Arabie saoudite","Asie","","","","","","","","","","","","","","",929.2431277747245,981.6138061846327,1406.9193840194314,2341.3918731320946,2566.3361905408024,2544.5652846843177,3116.8349715705376,3417.2806326276605,4061.6522174758898,5698.475103328647,7358.403012556144,"","","",21620.466660142636,24513.412299441297,31509.74554878688,35223.723462051625,41017.68889374837,45697.88304678957,37104.09445133224,39850.04100932173,32907.72334945022,"",29277.584106179223,26795.916131308943,25320.91007224734,31820.59872441398,30345.461532671354,28520.955397290385,30227.452155874904,26090.364518818482,22998.42346723712,22961.275913083948,31182.433527165285,36020.94168396829,32060.05896875082,35335.04966615867,37637.30167514287,33036.30023522201,33271.15075357254,36919.38867479903,44583.5965073644,50787.023835269385,58500.36841118308,57416.5257639278,59005.430389253364,61413.26446032213,62247.432922882996,70446.89630660265,80732.34623799812,95153.25581521848,101480.50912937778,72621.08234858935,80969.66386971105,83749.14256396817,74252.67857681902,70946.4604791991,67383.62967398178,73795.29939699855,79077.95082162698,80330.66666666666,81470.69899125007
"syr","Syria","République arabe syrienne","Asie","","","","","","","","","","","","","","","","","","","","","","","","","","","","","","","","","","","","","","","","","","","","","","","","","","","","","","","","","","","","","","","","","","","","","","","","","","","","",""
"tur","Turkey","Turquie","Asie","","","","",1142.7476029997986,1155.7627245538915,1168.741801073934,1082.0970557561238,1005.3761430999436,976.5596410146446,1162.1138088764897,1281.4495501770236,1440.8154328128264,1534.5672648993534,1576.7473491785465,1691.0665714593945,1771.7608510552993,1775.453571029442,1912.875268644643,2138.6080832888965,2073.337078236179,2299.807529591802,2635.3533140792792,2769.9089773544065,2936.8370576643133,3292.6667768979764,5758.108988359808,6049.6796635589235,5824.9894359976615,5333.943455851519,4732.7343360451205,4905.285512551377,5534.33289297168,6050.219538345945,5724.488997785355,5564.883239666054,5903.850280938215,6633.418494802956,6335.111671250398,5580.003013896839,6456.367307282085,7801.534328144962,8019.745733166715,8435.518574012724,9326.513317306084,9118.408650237172,9367.513762864432,10483.885681793312,10926.385821396676,11449.040053994993,12641.449761608508,12234.098229041929,11215.255028509491,11933.010721031389,11097.237100226317,10312.678706367818,9939.55845546278,10404.512939850702,10032.270887368657,10176.688229395653,10889.152774424161,10696.50928448448,10788.265097637373,11053.030121812446,11351.282241825587,11434.106106736082,11765.73329668304,13794.535267447553,14805.931890879952,18792.827518435504,19977.307646644917,16980.775537882575,17277.66228974964,18511.659889132217,22059.6160101515,25012.152848366193,26812.974101076325
"are","United Arab Emirates","Émirats arabes unis","Asie","","","","","","","","","","","","","","","","","","","","","","","","","","","","","","","","","","","","","","","","","","","","","","","","",7682.240977004714,9058.628142273985,9365.088503723879,12826.596163642445,12311.881793773748,11047.011153830661,11674.45767563904,12985.065521037639,11846.052434972,11760.66393030578,12496.52518279785,15222.883623292173,17922.242371183467,22476.46065678184,24415.67940489313,24055.692714540808,29468.06749634177,27807.55298391697,"","","","","","","","","","",""
"yar","Yemen Arab Republic","République arabe du Yémen","Asie","","","","","","","","","","","","","","","","","","","","","","","","","","","","","","","","","","","","","","","",12062.682132825083,11599.937169923873,"","","","","","","","","","","","","","","","","","","","","","","","","","","","","","","","","","","",""
"yem","Yemen","Yémen","Asie","","","","","","","","","","","","","","","","","","","","","","","","","","","","","","","","","","","","","","","","","",15479.47167513149,14500.787261124213,14242.108760498912,12326.005961930912,12645.108740349358,9495.105127626723,8142.495080053083,10198.348770796918,9305.764591157907,10158.92068989116,11394.066722195083,12108.105211601396,15335.049039866333,15823.758886752734,12907.979743829592,13503.726202295868,12634.877693872419,15106.416547499468,14519.548188912817,16887.88844972481,16761.06584196169,15198.078131494145,13923.170229166908,12810.912902570322,12319.189224836082,"","","","","","","","","","",""
